class_standing,task_score_1,task_score_2,task_score_3,task_score_4,task_score_5,prelim_grade,midterm_grade,min_exam_score_required,predicted_category,actual_exam_score,actual_outcome,prediction_correct,error_type,risk_label,attendance_rate
3rd Year,51.6,73.7,73.8,72.0,87.6,68.9,67.1,84.5,Achievable target,99.9,Pass,True,,High,55.8
2nd Year,50.0,78.0,91.7,60.2,69.0,60.2,57.4,95.2,Achievable target,94.1,Pass,True,,High,55.6
4th Year,64.6,62.9,69.6,90.1,94.9,77.6,86.7,62.6,Achievable target,67.9,Fail,True,,High,56.1
3rd Year,69.5,95.7,73.8,93.9,72.3,64.6,70.4,76.6,Achievable target,68.8,Fail,True,,High,62.6
1st Year,74.9,77.7,100.0,83.4,65.1,65.8,89.8,57.6,Achievable target,60.6,Fail,True,,Low,83.4
4th Year,84.7,69.2,67.7,84.0,73.8,74.7,83.1,66.5,Achievable target,65.2,Fail,True,,Low,76.5
3rd Year,76.7,73.6,77.3,78.4,50.7,66.6,63.3,88.5,Achievable target,89.5,Pass,True,,Low,85.7
3rd Year,81.2,61.9,56.5,72.7,74.4,66.1,70.3,82.5,Achievable target,80.0,Pass,True,,High,54.9
1st Year,65.3,83.1,57.7,68.6,66.6,68.6,72.3,81.1,Achievable target,83.2,Pass,True,,High,55.3
2nd Year,72.9,76.7,61.6,81.9,74.1,76.6,86.1,64.7,Achievable target,75.0,Pass,True,,Low,84.6
2nd Year,51.3,50.5,73.3,70.8,72.2,85.3,75.4,80.3,Achievable target,84.1,Pass,True,,Medium,72.6
4th Year,73.1,76.0,84.5,60.4,59.7,74.5,72.8,79.3,Achievable target,65.7,Fail,True,,Low,89.8
3rd Year,60.6,76.8,88.0,68.4,50.0,76.7,69.1,84.0,Achievable target,81.5,Pass,True,,Medium,75.6
3rd Year,53.5,63.7,66.9,68.6,73.9,66.5,70.6,84.2,Achievable target,74.0,Fail,True,,High,57.9
2nd Year,69.8,85.7,65.5,63.3,79.0,61.3,83.9,67.3,Achievable target,74.7,Fail,True,,Low,80.3
1st Year,55.4,78.0,74.6,71.7,92.0,75.2,71.1,79.2,Achievable target,89.2,Pass,True,,High,48.9
2nd Year,66.1,97.5,70.8,58.5,74.2,70.2,67.2,83.6,Achievable target,91.2,Pass,True,,High,59.0
1st Year,60.8,64.6,78.0,79.9,66.1,54.0,65.6,87.0,Achievable target,84.1,Pass,True,,High,67.5
3rd Year,85.0,86.9,90.2,79.6,89.4,65.2,65.7,78.7,Achievable target,86.2,Pass,True,,High,57.3
3rd Year,51.4,69.7,63.3,74.8,66.7,67.7,57.4,97.5,Achievable target,97.8,Pass,True,,High,56.1
3rd Year,71.5,95.4,71.4,78.2,70.7,63.3,63.7,85.1,Achievable target,78.7,Pass,True,,High,61.3
2nd Year,74.3,73.5,78.6,87.0,92.7,83.6,85.8,61.1,Achievable target,73.5,Fail,True,,Low,76.7
4th Year,77.0,80.3,59.9,72.4,84.4,73.4,69.1,81.0,Achievable target,94.2,Pass,True,,High,54.5
4th Year,83.5,75.9,83.8,79.1,87.4,82.5,78.0,68.5,Achievable target,83.0,Pass,True,,Low,86.5
3rd Year,76.8,69.2,77.3,50.0,77.9,71.2,50.0,102.4,Cannot pass,72.7,Fail,True,,High,64.0
1st Year,50.0,53.2,78.7,79.0,59.8,69.3,76.7,78.7,Achievable target,95.5,Pass,True,,Medium,69.3
2nd Year,65.1,89.4,67.7,99.6,73.4,58.9,69.5,78.5,Achievable target,78.6,Pass,True,,High,60.0
1st Year,78.2,92.3,74.9,61.7,72.1,68.6,66.4,83.2,Achievable target,94.7,Pass,True,,High,59.0
1st Year,73.0,57.4,70.4,64.7,84.2,68.6,72.9,79.6,Achievable target,79.5,Pass,True,,High,63.3
3rd Year,73.8,70.1,72.2,76.0,80.6,54.6,66.2,84.0,Achievable target,86.8,Pass,True,,Low,78.4
3rd Year,61.7,61.2,86.3,68.6,56.8,63.0,50.3,103.7,Cannot pass,52.0,Fail,True,,High,61.5
4th Year,78.6,78.8,55.5,76.1,82.0,65.2,80.1,70.3,Achievable target,72.3,Fail,True,,Low,76.4
2nd Year,77.8,80.8,57.0,77.3,69.9,72.7,73.5,77.7,Achievable target,83.6,Pass,True,,High,40.0
2nd Year,67.8,83.6,90.7,94.4,88.8,73.2,68.0,77.0,Achievable target,77.9,Pass,True,,High,52.1
2nd Year,72.1,77.5,82.4,74.8,74.9,62.6,61.6,87.7,Achievable target,100.0,Pass,True,,High,49.7
1st Year,83.0,72.7,64.9,68.6,80.8,73.3,56.7,93.8,Achievable target,87.2,Pass,True,,High,64.0
1st Year,73.4,77.4,81.2,69.0,82.2,66.6,73.3,75.9,Achievable target,75.3,Pass,True,,High,62.3
2nd Year,77.8,59.0,90.3,67.5,54.0,50.0,86.9,65.7,Achievable target,61.7,Fail,True,,Medium,62.5
1st Year,61.2,61.5,74.0,70.2,69.5,63.6,73.1,80.8,Achievable target,80.2,Pass,True,,High,63.8
3rd Year,80.7,77.4,77.1,78.2,80.6,79.5,57.5,90.6,Achievable target,100.0,Pass,True,,High,49.0
2nd Year,50.0,69.1,50.0,73.8,73.3,51.3,73.3,82.6,Achievable target,100.0,Pass,True,,High,56.3
4th Year,85.6,87.3,75.8,67.5,79.1,69.6,70.6,77.4,Achievable target,75.4,Pass,True,,High,54.6
3rd Year,67.2,73.4,84.9,66.9,82.8,84.7,79.6,70.4,Achievable target,68.2,Fail,True,,Low,84.6
2nd Year,81.3,62.2,84.8,81.6,74.6,60.7,77.0,72.0,Achievable target,65.4,Fail,True,,Medium,76.7
4th Year,64.5,63.3,67.1,79.7,62.2,68.5,50.0,103.8,Cannot pass,54.9,Fail,True,,High,62.1
3rd Year,78.5,58.9,71.0,74.7,100.0,55.2,76.4,72.8,Achievable target,89.0,Pass,True,,Medium,73.4
2nd Year,57.3,90.6,75.2,78.2,74.8,85.1,61.3,88.6,Achievable target,92.5,Pass,True,,High,62.2
2nd Year,78.6,71.6,90.4,68.1,86.6,67.7,57.2,90.8,Achievable target,81.8,Pass,True,,High,60.8
3rd Year,65.9,72.7,60.9,78.7,90.3,69.0,69.3,81.4,Achievable target,73.3,Fail,True,,High,52.0
1st Year,72.5,71.1,60.4,70.7,54.8,82.3,75.1,79.4,Achievable target,86.1,Pass,True,,Medium,66.0
1st Year,62.7,76.1,88.8,100.0,66.5,75.2,55.0,93.1,Achievable target,100.0,Pass,True,,High,53.2
1st Year,90.2,76.3,71.6,78.5,74.1,59.6,78.0,70.4,Achievable target,54.7,Fail,True,,Medium,74.5
3rd Year,74.7,68.6,57.0,55.3,81.0,61.9,78.6,75.2,Achievable target,77.0,Pass,True,,Medium,69.2
3rd Year,70.2,66.4,73.5,82.7,75.5,73.5,71.6,79.1,Achievable target,100.0,Pass,True,,High,73.0
3rd Year,65.7,87.7,91.9,79.2,84.8,62.1,62.6,84.0,Achievable target,86.8,Pass,True,,High,50.4
3rd Year,87.9,86.6,80.6,80.4,79.5,50.0,61.5,84.5,Achievable target,100.0,Pass,True,,Medium,63.3
2nd Year,60.6,81.6,57.5,64.1,88.7,68.0,81.2,71.0,Achievable target,82.5,Pass,True,,High,63.1
3rd Year,83.2,90.8,70.2,59.9,70.6,53.4,56.3,93.7,Achievable target,87.9,Pass,True,,High,68.4
1st Year,74.6,74.3,86.7,69.2,77.5,85.0,81.5,67.8,Achievable target,69.9,Fail,True,,Low,86.5
1st Year,61.8,78.7,73.4,64.6,70.6,70.3,69.5,83.1,Achievable target,86.8,Pass,True,,High,63.7
3rd Year,71.2,70.2,94.1,72.2,70.5,59.3,70.2,79.5,Achievable target,75.0,Pass,True,,High,68.4
2nd Year,50.0,62.9,70.3,65.4,89.6,61.4,54.4,99.3,Achievable target,94.6,Pass,True,,High,56.2
3rd Year,71.5,88.5,74.1,73.8,72.4,50.0,69.7,79.8,Achievable target,99.9,Pass,True,,High,45.6
3rd Year,73.4,93.5,50.0,50.0,67.0,57.3,77.1,77.0,Achievable target,72.2,Fail,True,,Medium,67.3
3rd Year,73.6,81.5,78.9,68.9,85.3,78.9,58.0,90.7,Achievable target,100.0,Pass,True,,High,64.6
2nd Year,85.5,75.6,84.7,76.6,66.8,91.3,76.0,72.6,Achievable target,73.2,Fail,True,,Medium,60.9
2nd Year,81.6,74.7,73.4,90.6,50.0,75.9,72.0,78.5,Achievable target,83.2,Pass,True,,High,57.3
2nd Year,56.8,59.5,69.1,70.4,55.8,67.6,64.8,91.5,Achievable target,100.0,Pass,True,,Medium,72.8
1st Year,61.9,63.3,100.0,94.5,68.6,64.1,79.5,69.2,Achievable target,68.2,Fail,True,,Low,82.4
2nd Year,69.1,60.0,51.1,72.0,61.7,58.7,50.0,106.1,Cannot pass,56.6,Fail,True,,High,62.8
1st Year,72.4,54.7,64.5,75.1,77.7,89.5,74.5,78.6,Achievable target,63.1,Fail,True,,High,61.6
2nd Year,78.3,58.0,83.4,64.0,80.8,66.6,87.0,64.0,Achievable target,73.4,Fail,True,,Low,95.6
4th Year,73.3,57.3,69.7,77.7,80.6,90.1,85.2,66.4,Achievable target,50.0,Fail,True,,Low,87.1
1st Year,71.8,91.3,85.2,70.4,82.2,82.7,74.9,72.5,Achievable target,75.2,Pass,True,,High,52.1
1st Year,96.0,96.3,59.0,62.6,90.8,50.7,68.1,78.9,Achievable target,92.4,Pass,True,,High,52.5
2nd Year,61.0,57.9,67.7,78.3,72.2,61.7,64.9,88.9,Achievable target,100.0,Pass,True,,High,50.3
2nd Year,65.8,65.5,65.1,63.1,100.0,61.7,68.1,83.4,Achievable target,75.4,Pass,True,,High,64.6
3rd Year,76.9,83.8,67.7,71.2,65.1,67.7,76.4,74.6,Achievable target,67.9,Fail,True,,Low,81.2
2nd Year,50.0,57.3,52.2,50.0,59.4,67.9,63.2,97.4,Achievable target,95.5,Pass,True,,High,56.4
3rd Year,88.9,72.9,88.5,78.2,82.6,95.0,78.5,67.9,Achievable target,74.8,Fail,True,,Low,87.7
3rd Year,62.9,79.5,81.9,66.7,79.9,57.5,92.0,58.4,Achievable target,50.0,Fail,True,,Low,80.4
2nd Year,80.0,67.0,60.3,59.5,74.4,70.8,70.5,82.9,Achievable target,87.8,Pass,True,,High,54.7
3rd Year,77.2,64.1,73.7,80.1,80.6,74.8,57.9,92.0,Achievable target,100.0,Pass,True,,Low,75.0
1st Year,91.6,88.3,61.7,93.1,67.2,68.5,57.9,89.4,Achievable target,91.6,Pass,True,,High,48.3
1st Year,85.6,74.2,68.6,52.2,71.4,69.6,78.7,73.6,Achievable target,83.9,Pass,True,,Low,81.2
1st Year,55.2,84.7,91.1,64.1,76.9,57.8,70.5,79.8,Achievable target,87.0,Pass,True,,Medium,73.9
3rd Year,64.9,66.0,82.5,72.9,93.8,69.6,79.7,69.8,Achievable target,69.4,Fail,True,,Low,90.0
2nd Year,67.8,85.1,74.5,82.7,68.2,73.7,65.9,83.8,Achievable target,69.4,Fail,True,,High,56.9
1st Year,72.8,72.0,63.6,81.1,81.0,71.8,79.2,71.2,Achievable target,77.5,Pass,True,,Low,85.3
2nd Year,80.3,91.4,90.4,69.0,77.8,74.3,69.5,77.1,Achievable target,72.6,Fail,True,,Medium,72.2
1st Year,66.1,73.7,66.4,92.4,77.7,82.9,63.9,86.0,Achievable target,85.2,Pass,True,,High,65.7
3rd Year,70.8,87.4,50.0,50.0,82.7,78.1,67.2,86.2,Achievable target,96.0,Pass,True,,High,64.1
2nd Year,74.1,76.3,57.9,73.1,96.8,69.2,59.4,90.3,Achievable target,100.0,Pass,True,,High,59.2
2nd Year,83.0,75.4,68.3,68.8,50.0,56.5,90.6,62.4,Achievable target,67.0,Fail,True,,Medium,63.9
2nd Year,76.4,83.3,55.0,65.7,59.9,62.4,70.2,83.3,Achievable target,93.8,Pass,True,,High,64.2
3rd Year,62.1,74.0,50.0,80.6,82.2,66.3,77.4,75.2,Achievable target,65.8,Fail,True,,Medium,73.7
2nd Year,70.5,50.0,61.7,87.8,50.0,71.1,65.8,89.7,Achievable target,97.2,Pass,True,,High,66.8
1st Year,69.3,59.6,82.8,65.5,78.1,63.6,60.8,91.2,Achievable target,95.6,Pass,True,,High,56.8
1st Year,80.0,94.9,71.0,77.8,56.0,59.0,68.8,80.7,Achievable target,98.0,Pass,True,,High,72.6
4th Year,87.3,64.5,66.8,73.1,55.1,56.4,81.9,70.9,Achievable target,70.5,Fail,True,,Medium,68.5
4th Year,76.1,84.7,76.8,54.8,72.0,51.7,66.0,85.1,Achievable target,87.7,Pass,True,,High,69.7
3rd Year,82.1,51.4,60.8,83.7,76.6,66.1,62.6,89.4,Achievable target,100.0,Pass,True,,High,57.9
1st Year,78.2,95.2,78.9,81.1,100.0,53.5,72.6,71.6,Achievable target,75.7,Pass,True,,High,52.9
4th Year,70.9,64.1,78.4,78.5,67.2,58.3,76.0,75.6,Achievable target,69.5,Fail,True,,Medium,63.1
3rd Year,61.3,100.0,77.2,64.8,84.1,64.5,87.2,61.6,Achievable target,92.1,Pass,True,,Low,83.2
3rd Year,72.1,70.4,80.0,58.3,77.5,54.9,74.6,77.1,Achievable target,71.3,Fail,True,,High,68.4
2nd Year,95.8,78.9,69.0,67.5,68.6,72.4,77.4,72.1,Achievable target,76.5,Pass,True,,Low,88.1
1st Year,70.4,69.0,84.1,53.1,83.5,76.1,78.1,73.4,Achievable target,81.9,Pass,True,,Low,87.4
1st Year,69.0,77.8,60.2,88.9,88.0,62.9,59.8,89.3,Achievable target,97.0,Pass,True,,High,40.0
4th Year,84.6,55.7,83.1,78.1,54.6,64.0,61.7,90.2,Achievable target,93.3,Pass,True,,Low,87.6
2nd Year,73.1,77.7,79.9,75.5,76.8,74.0,60.5,88.7,Achievable target,91.9,Pass,True,,High,61.4
1st Year,90.6,87.7,50.0,69.7,71.5,61.2,58.0,92.5,Achievable target,95.2,Pass,True,,High,52.6
2nd Year,52.9,74.5,88.0,60.7,77.3,60.5,78.9,73.3,Achievable target,67.1,Fail,True,,Medium,66.6
3rd Year,62.7,65.5,90.7,67.1,78.8,80.7,73.9,77.1,Achievable target,100.0,Pass,True,,Medium,71.0
1st Year,51.5,95.2,80.5,71.3,80.1,77.5,71.9,77.7,Achievable target,80.5,Pass,True,,High,70.8
4th Year,56.9,87.2,69.6,71.0,67.6,74.6,50.0,102.3,Cannot pass,63.1,Fail,True,,High,48.6
3rd Year,66.6,81.5,76.4,81.0,73.3,77.9,91.2,58.4,Achievable target,60.1,Fail,True,,High,53.6
3rd Year,79.4,68.5,99.5,55.1,88.2,50.0,62.3,86.1,Achievable target,87.6,Pass,True,,High,67.9
2nd Year,89.4,63.4,99.5,85.0,84.8,82.3,91.2,54.1,Achievable target,54.5,Fail,True,,Low,81.8
3rd Year,73.7,70.9,70.9,78.0,89.8,72.5,56.9,92.3,Achievable target,81.8,Pass,True,,High,54.1
3rd Year,75.5,62.7,83.0,84.2,81.1,78.8,63.1,85.7,Achievable target,89.1,Pass,True,,High,57.8
3rd Year,82.1,70.2,62.5,63.2,54.3,72.4,50.0,104.3,Cannot pass,50.0,Fail,True,,High,47.1
1st Year,76.2,72.4,68.3,50.0,58.8,69.0,74.6,80.3,Achievable target,97.0,Pass,True,,High,58.8
2nd Year,86.5,65.6,77.6,57.1,90.2,65.7,60.3,89.5,Achievable target,82.5,Pass,True,,Low,78.0
1st Year,71.7,76.8,100.0,91.1,69.8,72.2,60.6,86.0,Achievable target,85.2,Pass,True,,High,64.1
2nd Year,66.5,69.6,79.4,72.2,68.8,65.3,57.6,94.2,Achievable target,90.2,Pass,True,,High,57.0
2nd Year,90.6,72.1,100.0,74.5,94.3,77.4,78.7,65.6,Achievable target,85.0,Pass,True,,Low,95.4
1st Year,77.6,84.7,64.9,63.4,78.8,52.3,78.1,72.5,Achievable target,68.8,Fail,True,,High,59.2
1st Year,85.0,73.9,58.3,57.5,56.7,63.0,88.9,65.5,Achievable target,76.1,Pass,True,,High,67.9
3rd Year,52.7,74.7,86.6,73.2,50.0,89.4,64.4,89.4,Achievable target,100.0,Pass,True,,High,46.6
1st Year,71.2,71.5,97.9,56.4,68.8,62.1,73.2,77.7,Achievable target,81.2,Pass,True,,High,56.0
4th Year,93.4,78.7,80.0,74.7,77.3,66.1,58.5,88.6,Achievable target,79.8,Pass,True,,Low,85.6
3rd Year,82.5,63.9,83.7,57.3,77.2,59.5,67.8,83.2,Achievable target,74.6,Fail,True,,High,71.0
2nd Year,75.5,66.2,73.1,66.1,60.9,71.9,66.0,87.3,Achievable target,100.0,Pass,True,,Medium,59.2
3rd Year,69.3,60.5,77.2,59.9,81.7,61.0,75.7,76.9,Achievable target,69.3,Fail,True,,Medium,77.9
1st Year,59.6,66.8,66.1,88.9,77.3,66.6,81.1,70.5,Achievable target,79.4,Pass,True,,Low,87.0
4th Year,70.9,79.2,50.0,72.9,96.8,77.2,80.8,69.7,Achievable target,75.8,Pass,True,,Low,91.7
2nd Year,74.9,74.2,79.8,83.9,50.0,61.4,62.8,88.4,Achievable target,97.2,Pass,True,,High,62.7
3rd Year,53.7,75.9,65.0,88.8,69.7,76.5,80.9,71.3,Achievable target,81.0,Pass,True,,Low,84.3
1st Year,50.8,58.6,50.0,70.7,71.2,76.9,70.7,86.7,Achievable target,82.4,Pass,True,,High,52.8
2nd Year,68.4,86.0,87.4,71.4,50.0,79.3,67.9,83.3,Achievable target,78.5,Pass,True,,High,47.0
2nd Year,80.6,79.9,77.0,84.9,59.8,69.9,64.2,85.1,Achievable target,97.2,Pass,True,,High,58.6
4th Year,96.9,62.2,82.2,53.7,62.5,95.0,65.6,86.2,Achievable target,84.9,Pass,True,,High,55.5
3rd Year,91.1,70.3,83.2,76.2,72.2,79.3,88.2,60.0,Achievable target,50.0,Fail,True,,Low,94.1
2nd Year,89.4,70.6,52.6,64.0,79.8,71.8,74.1,77.8,Achievable target,89.3,Pass,True,,High,52.1
1st Year,78.0,55.1,64.9,66.6,69.1,59.6,72.8,81.3,Achievable target,75.9,Pass,True,,High,59.6
2nd Year,57.3,66.0,64.9,82.4,82.9,67.5,68.5,83.6,Achievable target,93.3,Pass,True,,High,44.4
2nd Year,71.7,68.8,75.0,63.8,60.0,83.0,92.0,61.6,Achievable target,80.5,Pass,True,,Medium,68.2
2nd Year,62.4,66.0,59.8,75.3,81.9,85.9,83.9,69.1,Achievable target,74.3,Fail,True,,Medium,72.8
1st Year,54.8,73.7,70.8,77.4,73.2,83.6,64.0,88.5,Achievable target,100.0,Pass,True,,High,63.6
3rd Year,56.4,58.6,73.7,85.4,50.0,76.5,68.4,86.7,Achievable target,93.2,Pass,True,,Low,91.2
4th Year,77.4,87.3,71.6,79.8,65.2,55.7,69.0,80.4,Achievable target,100.0,Pass,True,,High,56.6
1st Year,72.0,54.4,50.0,84.4,61.9,73.5,72.5,82.7,Achievable target,77.1,Pass,True,,High,48.1
2nd Year,68.1,57.2,56.9,71.4,64.9,55.8,64.2,91.4,Achievable target,96.3,Pass,True,,High,60.7
1st Year,77.8,78.7,77.2,76.2,91.9,53.3,75.4,71.9,Achievable target,83.6,Pass,True,,Medium,74.6
3rd Year,60.9,72.8,86.7,88.2,56.8,70.9,85.3,65.7,Achievable target,68.8,Fail,True,,High,60.9
2nd Year,69.7,89.3,79.3,75.7,70.9,73.8,58.2,90.8,Achievable target,100.0,Pass,True,,High,51.4
3rd Year,68.9,76.8,70.4,72.9,74.3,77.7,60.0,91.2,Achievable target,91.9,Pass,True,,High,66.1
3rd Year,65.5,79.6,100.0,52.6,77.2,73.6,66.4,83.6,Achievable target,100.0,Pass,True,,High,57.7
3rd Year,64.5,80.2,73.9,82.3,87.2,73.9,66.8,81.9,Achievable target,100.0,Pass,True,,High,62.6
1st Year,75.7,86.6,50.0,92.0,77.8,58.5,90.7,58.6,Achievable target,66.4,Fail,True,,Low,90.4
4th Year,86.0,59.1,63.7,75.1,73.2,67.4,80.9,70.9,Achievable target,81.4,Pass,True,,High,61.9
1st Year,76.7,86.1,52.7,84.8,73.5,53.1,80.4,69.7,Achievable target,86.6,Pass,True,,Medium,73.0
1st Year,71.0,56.2,79.3,50.0,81.0,50.0,68.5,85.2,Achievable target,78.3,Pass,True,,Medium,84.0
2nd Year,55.9,74.0,72.0,87.1,71.3,76.1,68.3,83.2,Achievable target,75.1,Pass,True,,High,58.9
2nd Year,65.3,67.5,88.3,79.7,68.9,60.8,56.9,93.6,Achievable target,100.0,Pass,True,,High,54.6
3rd Year,70.6,55.1,77.9,52.8,82.2,77.4,78.8,74.8,Achievable target,82.5,Pass,True,,Medium,71.8
3rd Year,74.9,100.0,60.5,72.2,94.4,79.8,75.9,71.4,Achievable target,74.1,Fail,True,,Low,91.4
2nd Year,87.3,65.3,76.0,73.4,76.7,62.2,83.7,65.9,Achievable target,71.0,Fail,True,,Low,84.6
4th Year,65.2,72.4,54.7,75.0,78.7,74.5,69.0,83.9,Achievable target,65.0,Fail,True,,High,61.2
2nd Year,70.7,54.5,85.0,77.7,64.9,61.8,69.7,82.5,Achievable target,85.6,Pass,True,,High,66.6
2nd Year,70.1,55.8,61.4,67.1,87.8,50.0,72.8,80.5,Achievable target,78.0,Pass,True,,High,52.9
1st Year,65.9,80.9,67.1,76.3,71.7,69.8,79.8,71.5,Achievable target,85.7,Pass,True,,Low,75.4
4th Year,83.6,67.1,55.0,57.2,67.2,63.7,56.7,97.8,Achievable target,100.0,Pass,True,,High,59.4
1st Year,58.8,78.2,68.0,100.0,53.1,64.0,78.3,73.4,Achievable target,84.2,Pass,True,,Low,85.1
1st Year,75.8,60.2,67.6,75.1,50.0,88.6,70.9,83.7,Achievable target,92.7,Pass,True,,Medium,66.7
2nd Year,76.2,95.7,68.1,76.4,85.4,52.9,60.7,86.6,Achievable target,76.6,Pass,True,,High,64.0
4th Year,71.5,66.6,50.0,80.9,72.1,72.4,50.7,102.7,Cannot pass,55.3,Fail,True,,High,61.9
4th Year,61.6,74.9,66.6,67.2,80.5,58.4,69.8,82.6,Achievable target,93.9,Pass,True,,High,49.0
3rd Year,57.7,85.7,57.0,65.6,95.9,77.8,85.3,66.0,Achievable target,83.5,Pass,True,,Low,86.6
4th Year,86.6,74.5,62.4,67.2,74.3,71.5,87.5,63.5,Achievable target,89.7,Pass,True,,Low,83.0
4th Year,73.8,72.3,73.0,70.9,56.5,72.4,74.6,78.2,Achievable target,66.3,Fail,True,,High,45.1
2nd Year,67.4,84.1,57.4,71.2,63.8,58.9,90.3,62.8,Achievable target,63.9,Fail,True,,Medium,74.2
2nd Year,74.7,68.9,90.7,79.3,58.1,60.7,70.7,79.6,Achievable target,77.2,Pass,True,,High,56.6
3rd Year,81.3,64.3,66.6,77.1,67.6,78.0,80.4,71.4,Achievable target,78.1,Pass,True,,Low,80.3
3rd Year,83.8,64.3,66.2,65.7,66.8,86.6,66.7,86.1,Achievable target,91.2,Pass,True,,High,61.2
2nd Year,86.3,80.8,93.4,99.9,61.3,73.4,66.1,79.2,Achievable target,81.9,Pass,True,,High,60.9
1st Year,74.2,59.6,64.3,66.0,61.0,59.3,64.5,90.5,Achievable target,100.0,Pass,True,,High,52.4
3rd Year,61.1,71.7,59.2,83.3,62.7,72.0,50.9,102.8,Cannot pass,50.0,Fail,True,,High,60.2
1st Year,100.0,68.1,74.2,58.2,93.4,93.3,83.7,64.4,Achievable target,59.0,Fail,True,,Medium,78.1
4th Year,86.5,76.9,57.6,75.9,60.3,69.5,64.8,87.0,Achievable target,81.8,Pass,True,,High,51.3
1st Year,90.5,82.9,74.5,50.0,61.9,83.4,63.2,88.3,Achievable target,89.7,Pass,True,,High,60.0
1st Year,81.4,87.6,86.4,54.8,76.9,60.9,59.5,89.3,Achievable target,82.0,Pass,True,,High,57.0
4th Year,85.3,54.0,73.3,76.6,69.9,68.1,69.1,82.5,Achievable target,87.0,Pass,True,,High,73.0
1st Year,51.7,69.6,69.6,71.7,66.8,74.8,88.4,66.2,Achievable target,69.5,Fail,True,,Medium,58.0
1st Year,68.2,72.9,78.6,69.8,68.6,72.6,91.6,60.1,Achievable target,57.2,Fail,True,,Low,87.5
3rd Year,74.5,50.9,79.0,73.4,73.9,60.7,54.8,97.5,Achievable target,100.0,Pass,True,,High,54.6
4th Year,84.6,50.6,50.3,76.6,73.3,60.2,67.6,86.4,Achievable target,90.8,Pass,True,,High,56.2
1st Year,75.4,68.0,81.2,84.3,79.1,78.6,61.0,87.7,Achievable target,100.0,Pass,True,,High,72.2
2nd Year,70.3,50.0,82.4,87.7,80.9,80.7,80.8,69.6,Achievable target,72.6,Fail,True,,Low,84.0
3rd Year,63.1,81.3,83.5,91.6,63.1,83.9,73.9,75.3,Achievable target,80.1,Pass,True,,Medium,84.0
4th Year,70.8,82.1,74.1,60.3,78.3,86.9,64.9,86.0,Achievable target,85.4,Pass,True,,High,53.5
2nd Year,80.2,74.4,76.0,70.4,90.7,69.9,71.8,76.5,Achievable target,81.4,Pass,True,,High,59.8
1st Year,62.9,66.5,73.5,83.7,55.9,65.3,66.4,86.8,Achievable target,98.9,Pass,True,,High,53.1
1st Year,58.1,50.0,73.8,60.3,68.9,82.3,86.9,69.5,Achievable target,70.4,Fail,True,,Medium,66.2
1st Year,81.1,65.9,76.1,69.9,81.3,75.8,76.5,73.6,Achievable target,83.8,Pass,True,,Low,84.3
1st Year,79.0,65.3,71.4,85.6,78.0,58.5,77.7,71.9,Achievable target,68.8,Fail,True,,Medium,69.0
3rd Year,57.1,81.1,60.7,89.9,85.4,58.0,50.0,100.1,Cannot pass,62.7,Fail,True,,Low,85.0
1st Year,76.8,75.2,71.0,81.3,69.1,73.5,70.4,79.8,Achievable target,79.0,Pass,True,,High,40.2
2nd Year,76.2,83.6,66.8,66.2,59.4,66.7,91.5,60.8,Achievable target,74.3,Fail,True,,Low,94.0
3rd Year,60.9,52.0,81.9,94.6,90.1,68.2,84.1,65.4,Achievable target,71.0,Fail,True,,Low,83.2
3rd Year,54.4,81.9,90.0,68.1,74.6,79.4,53.0,97.6,Achievable target,100.0,Pass,True,,High,70.9
1st Year,50.0,76.5,61.0,75.7,55.1,76.2,68.0,87.7,Achievable target,81.2,Pass,True,,High,48.9
3rd Year,79.8,85.4,64.2,60.1,50.0,82.1,59.3,94.2,Achievable target,84.4,Pass,True,,High,59.3
3rd Year,70.3,66.6,55.3,78.7,68.1,50.0,87.9,65.7,Achievable target,64.5,Fail,True,,Medium,84.0
3rd Year,60.8,66.9,85.9,80.5,71.9,71.1,73.5,77.4,Achievable target,68.6,Fail,True,,Medium,64.9
1st Year,80.6,59.8,73.8,75.1,67.9,75.6,63.6,88.2,Achievable target,79.4,Pass,True,,High,45.0
1st Year,78.5,64.3,79.4,79.9,50.0,52.9,71.4,80.9,Achievable target,92.1,Pass,True,,High,52.6
4th Year,87.3,50.0,66.2,85.4,69.7,61.8,50.0,101.6,Cannot pass,50.4,Fail,True,,Low,86.4
2nd Year,56.2,60.6,85.4,50.9,86.6,59.9,60.5,93.0,Achievable target,93.2,Pass,True,,High,62.5
2nd Year,72.8,59.4,66.6,61.5,83.5,68.7,71.5,81.6,Achievable target,82.7,Pass,True,,High,67.3
2nd Year,82.0,53.3,68.7,63.3,88.5,85.1,79.4,72.5,Achievable target,71.5,Fail,True,,Low,82.7
3rd Year,57.6,92.2,73.0,59.8,65.5,89.1,52.1,100.6,Cannot pass,66.0,Fail,True,,Medium,59.8
4th Year,64.0,58.5,74.5,59.0,50.0,60.2,67.4,89.5,Achievable target,87.1,Pass,True,,High,53.5
2nd Year,69.0,52.3,64.6,62.8,63.2,73.9,81.0,75.3,Achievable target,67.1,Fail,True,,Medium,79.7
4th Year,96.8,74.1,76.3,52.6,65.7,74.2,56.9,94.0,Achievable target,100.0,Pass,True,,High,60.7
1st Year,75.9,61.4,84.0,59.3,70.0,72.5,73.3,79.1,Achievable target,81.9,Pass,True,,High,41.3
2nd Year,66.5,75.3,65.9,70.2,70.6,72.6,71.7,80.9,Achievable target,100.0,Pass,True,,High,56.7
3rd Year,64.8,79.1,76.2,72.4,68.4,71.6,87.9,63.5,Achievable target,63.2,Fail,True,,Low,91.0
1st Year,82.7,70.6,69.8,74.6,93.3,85.7,68.8,79.6,Achievable target,93.1,Pass,True,,High,73.0
1st Year,57.7,82.4,51.2,75.9,91.8,79.7,69.4,82.2,Achievable target,98.0,Pass,True,,High,61.5
2nd Year,79.1,75.4,66.8,73.8,70.5,57.7,79.5,71.4,Achievable target,71.2,Fail,True,,Medium,73.2
4th Year,64.2,70.0,75.7,64.4,64.0,76.6,58.1,95.6,Achievable target,93.2,Pass,True,,High,47.1
3rd Year,57.5,78.0,79.8,76.1,84.7,77.6,68.9,81.0,Achievable target,93.4,Pass,True,,High,50.3
4th Year,74.4,78.0,77.0,72.3,67.2,71.7,66.6,84.0,Achievable target,94.7,Pass,True,,High,57.4
3rd Year,99.3,68.1,65.6,78.5,76.3,80.0,69.7,79.0,Achievable target,69.9,Fail,True,,High,61.0
2nd Year,57.0,86.5,72.3,60.4,87.3,70.4,79.4,71.7,Achievable target,65.4,Fail,True,,Low,86.9
3rd Year,80.7,58.6,94.2,81.1,73.3,70.5,76.5,72.2,Achievable target,51.8,Fail,True,,Low,81.6
1st Year,92.0,75.3,73.1,65.7,80.2,69.7,63.8,85.1,Achievable target,96.1,Pass,True,,High,47.8
1st Year,79.0,73.6,64.2,74.9,72.6,50.0,72.4,78.7,Achievable target,81.1,Pass,True,,High,50.8
3rd Year,57.8,56.2,80.0,50.0,75.8,67.7,85.7,69.8,Achievable target,73.2,Fail,True,,Medium,62.9
3rd Year,67.8,88.7,67.6,81.1,68.8,61.7,63.0,87.1,Achievable target,75.2,Pass,True,,High,62.1
1st Year,74.7,82.0,68.0,85.1,61.8,56.4,72.5,77.8,Achievable target,71.8,Fail,True,,High,40.0
2nd Year,76.8,84.2,81.1,95.8,64.5,83.1,69.2,78.1,Achievable target,78.3,Pass,True,,High,54.3
3rd Year,57.3,61.8,81.1,79.2,74.6,73.6,70.5,81.6,Achievable target,79.9,Pass,True,,High,60.6
4th Year,60.3,82.4,59.1,87.0,100.0,68.2,55.1,93.5,Achievable target,99.7,Pass,True,,High,69.2
3rd Year,77.7,80.2,67.6,52.2,66.3,62.7,84.9,68.2,Achievable target,79.0,Pass,True,,Medium,71.5
2nd Year,60.6,56.5,93.6,76.6,77.8,71.5,63.5,87.5,Achievable target,100.0,Pass,True,,High,65.0
2nd Year,69.8,71.4,84.7,73.0,79.6,78.6,81.2,68.4,Achievable target,73.2,Fail,True,,Low,82.0
2nd Year,71.1,69.4,56.9,50.3,70.3,60.1,65.0,90.7,Achievable target,100.0,Pass,True,,High,51.0
3rd Year,74.1,58.4,73.0,74.0,50.0,68.5,65.0,89.6,Achievable target,86.3,Pass,True,,High,51.6
4th Year,62.7,78.2,77.9,59.9,75.3,77.4,83.0,69.1,Achievable target,57.4,Fail,True,,Medium,81.7
2nd Year,85.4,82.5,72.3,67.9,66.0,50.0,80.8,69.3,Achievable target,70.8,Fail,True,,Medium,78.0
1st Year,78.9,75.7,80.8,74.9,83.0,67.9,73.1,75.1,Achievable target,64.1,Fail,True,,High,60.9
1st Year,74.5,82.6,83.6,64.0,52.2,64.1,78.6,73.2,Achievable target,78.3,Pass,True,,Medium,84.0
3rd Year,91.5,76.4,53.3,65.0,82.4,67.1,68.3,82.3,Achievable target,79.5,Pass,True,,Medium,70.8
3rd Year,70.1,67.4,89.8,61.1,64.1,63.4,71.0,81.2,Achievable target,66.7,Fail,True,,High,62.0
1st Year,75.9,78.0,79.2,84.1,75.7,69.9,64.6,83.6,Achievable target,100.0,Pass,True,,High,59.5
1st Year,79.1,70.4,74.1,74.7,75.9,88.1,80.0,70.1,Achievable target,69.7,Fail,True,,Low,82.9
3rd Year,82.4,79.9,73.9,63.9,74.2,65.2,64.3,85.8,Achievable target,74.4,Fail,True,,Medium,84.0
1st Year,73.1,75.7,99.2,67.3,78.3,71.5,85.7,62.4,Achievable target,76.4,Pass,True,,Low,91.5
3rd Year,85.9,74.5,100.0,69.0,77.2,88.8,68.0,78.8,Achievable target,76.5,Pass,True,,High,45.8
2nd Year,64.1,69.3,76.3,83.3,77.1,62.9,71.3,79.2,Achievable target,95.1,Pass,True,,High,53.8
1st Year,88.1,72.3,69.5,100.0,78.0,87.0,78.5,68.2,Achievable target,65.9,Fail,True,,Low,86.1
4th Year,65.0,65.3,62.4,84.4,69.1,68.6,71.3,81.6,Achievable target,81.2,Pass,True,,High,63.3
1st Year,74.9,72.7,82.0,63.5,60.8,86.7,68.2,83.9,Achievable target,92.3,Pass,True,,High,46.2
2nd Year,76.0,80.4,77.3,63.9,81.3,76.2,70.8,78.8,Achievable target,89.7,Pass,True,,High,40.0
1st Year,64.7,67.3,62.4,88.6,80.8,71.6,79.9,71.2,Achievable target,83.9,Pass,True,,Low,75.0
1st Year,80.5,88.0,100.0,53.4,64.8,67.8,64.6,84.2,Achievable target,88.3,Pass,True,,High,56.4
1st Year,66.2,63.4,60.8,69.9,59.2,62.1,69.9,85.6,Achievable target,95.9,Pass,True,,High,56.2
1st Year,77.3,74.0,79.0,79.3,80.5,69.3,71.2,77.3,Achievable target,89.8,Pass,True,,High,59.8
1st Year,69.0,98.2,76.1,51.6,61.7,77.7,79.6,72.2,Achievable target,79.2,Pass,True,,Low,80.2
1st Year,53.0,73.6,72.0,67.9,96.9,68.4,70.1,81.1,Achievable target,84.7,Pass,True,,High,47.2
3rd Year,79.8,81.9,62.5,61.7,73.8,65.3,88.8,62.7,Achievable target,53.2,Fail,True,,Low,75.0
3rd Year,75.4,51.7,71.3,73.6,70.9,65.9,69.6,83.6,Achievable target,94.6,Pass,True,,High,59.6
2nd Year,63.9,67.1,71.3,74.5,80.5,78.6,68.8,83.0,Achievable target,88.4,Pass,True,,High,60.0
2nd Year,86.0,70.0,68.1,78.5,80.5,81.0,69.4,79.8,Achievable target,80.7,Pass,True,,High,64.9
2nd Year,68.3,82.6,84.9,88.5,94.2,61.7,58.2,87.4,Achievable target,100.0,Pass,True,,High,63.3
4th Year,63.3,73.6,73.5,72.3,65.8,61.7,60.9,91.8,Achievable target,82.5,Pass,True,,High,55.5
4th Year,56.0,74.5,64.4,74.4,64.1,72.4,65.9,88.3,Achievable target,100.0,Pass,True,,High,67.8
1st Year,60.5,76.1,75.2,80.2,99.0,84.1,82.2,66.2,Achievable target,71.0,Fail,True,,Low,83.3
1st Year,76.6,79.1,60.8,58.3,91.9,80.2,70.8,80.0,Achievable target,88.2,Pass,True,,High,51.7
1st Year,62.6,61.2,72.9,72.3,62.8,55.7,66.4,87.9,Achievable target,88.9,Pass,True,,High,52.8
1st Year,69.8,87.8,64.0,57.1,84.4,65.8,83.1,68.1,Achievable target,56.4,Fail,True,,Low,81.1
3rd Year,79.2,66.1,54.9,64.7,72.8,59.0,86.3,67.4,Achievable target,71.0,Fail,True,,Medium,58.0
2nd Year,87.0,61.3,72.4,81.3,50.0,65.8,83.4,68.9,Achievable target,77.2,Pass,True,,Low,84.8
1st Year,85.5,59.6,77.3,76.3,86.1,84.9,62.7,86.3,Achievable target,98.1,Pass,True,,High,59.0
2nd Year,79.8,50.0,64.2,75.0,71.1,54.0,66.2,87.3,Achievable target,90.3,Pass,True,,High,54.1
2nd Year,79.0,82.6,80.5,70.9,51.8,52.0,88.9,62.1,Achievable target,50.0,Fail,True,,Low,80.4
1st Year,68.1,78.3,60.6,80.8,84.0,60.0,73.5,76.8,Achievable target,66.4,Fail,True,,High,60.0
4th Year,74.9,50.0,58.4,95.5,67.0,71.4,68.5,84.4,Achievable target,100.0,Pass,True,,High,70.7
1st Year,50.2,87.9,73.6,86.3,76.6,74.8,78.1,71.9,Achievable target,66.0,Fail,True,,Low,84.2
4th Year,78.8,77.6,81.6,100.0,84.8,73.0,81.0,64.2,Achievable target,83.5,Pass,True,,Low,81.5
1st Year,54.9,78.6,86.8,87.5,68.4,80.5,65.5,84.4,Achievable target,80.1,Pass,True,,High,52.3
4th Year,87.0,84.3,100.0,64.6,67.5,50.5,73.3,73.9,Achievable target,77.1,Pass,True,,High,56.4
4th Year,69.8,67.7,63.0,50.0,68.3,80.6,80.2,75.4,Achievable target,86.7,Pass,True,,Medium,62.1
4th Year,77.7,67.6,96.0,73.6,88.5,65.3,59.7,87.5,Achievable target,84.3,Pass,True,,High,56.0
3rd Year,76.5,83.1,76.7,89.4,74.1,76.0,71.2,76.3,Achievable target,97.2,Pass,True,,High,57.5
3rd Year,79.2,77.7,70.0,78.1,99.5,55.0,60.2,86.8,Achievable target,92.6,Pass,True,,High,71.8
3rd Year,70.2,78.3,88.1,86.7,73.5,68.6,61.5,86.3,Achievable target,95.9,Pass,True,,High,64.5
3rd Year,50.0,79.4,50.0,90.6,75.4,70.9,65.6,87.4,Achievable target,89.7,Pass,True,,High,65.3
1st Year,85.1,62.8,55.2,76.5,73.0,80.3,75.8,76.4,Achievable target,88.0,Pass,True,,Low,80.4
2nd Year,67.6,74.4,100.0,83.2,85.7,52.3,67.9,78.5,Achievable target,99.3,Pass,True,,High,62.4
2nd Year,83.3,90.7,71.2,50.0,71.2,68.8,64.7,86.2,Achievable target,89.9,Pass,True,,High,47.9
4th Year,82.9,62.1,71.3,65.3,91.0,57.4,71.6,78.6,Achievable target,100.0,Pass,True,,High,59.5
2nd Year,82.2,81.0,80.7,73.0,75.7,73.7,59.9,88.3,Achievable target,87.2,Pass,True,,High,60.3
2nd Year,59.5,50.0,75.2,77.2,87.5,76.4,75.3,77.3,Achievable target,89.9,Pass,True,,Medium,65.6
3rd Year,91.8,91.8,61.7,69.3,79.0,81.6,82.2,65.9,Achievable target,75.8,Pass,True,,Low,94.0
1st Year,100.0,90.7,86.5,68.9,63.1,63.0,70.3,76.3,Achievable target,70.6,Fail,True,,High,61.5
1st Year,82.6,60.5,70.6,72.1,92.0,78.0,69.1,80.6,Achievable target,87.7,Pass,True,,Medium,58.0
2nd Year,69.3,50.0,79.3,65.2,73.9,82.4,74.8,78.9,Achievable target,84.0,Pass,True,,High,61.4
2nd Year,72.4,70.2,82.6,55.5,67.4,51.7,51.2,101.5,Cannot pass,50.0,Fail,True,,Low,82.0
1st Year,81.4,66.2,54.6,81.2,86.5,74.7,76.4,74.1,Achievable target,82.7,Pass,True,,Low,84.0
2nd Year,72.9,50.5,81.7,54.0,77.0,78.3,92.0,61.9,Achievable target,68.4,Fail,True,,Medium,74.3
2nd Year,63.0,59.8,68.2,71.3,65.9,65.9,69.9,84.8,Achievable target,89.1,Pass,True,,High,60.1
2nd Year,80.3,68.2,84.9,76.7,65.2,56.2,69.9,80.1,Achievable target,84.4,Pass,True,,Medium,58.0
2nd Year,63.3,54.1,76.8,69.3,50.0,78.1,78.4,77.8,Achievable target,81.9,Pass,True,,Medium,62.9
3rd Year,67.1,62.9,91.8,53.5,56.5,56.3,87.2,67.1,Achievable target,68.4,Fail,True,,Medium,76.4
2nd Year,86.4,89.3,64.7,66.0,80.6,66.7,80.7,68.1,Achievable target,74.5,Fail,True,,Low,90.5
4th Year,50.0,51.6,70.1,91.5,68.3,68.1,50.0,104.4,Cannot pass,75.0,Pass,True,,High,72.2
4th Year,74.6,86.7,98.1,66.7,73.2,75.8,76.6,71.0,Achievable target,100.0,Pass,True,,Low,93.0
2nd Year,94.7,55.6,85.4,61.5,74.6,62.1,92.0,58.3,Achievable target,50.0,Fail,True,,Low,75.0
2nd Year,70.6,62.2,61.9,76.6,85.0,61.5,77.2,74.7,Achievable target,73.9,Fail,True,,Medium,76.4
2nd Year,71.9,74.2,80.1,62.0,82.1,69.5,59.8,90.7,Achievable target,90.6,Pass,True,,High,41.7
4th Year,83.0,100.0,69.0,68.0,82.4,78.8,73.9,73.4,Achievable target,98.8,Pass,True,,Low,92.1
3rd Year,83.0,67.1,68.7,79.7,63.7,91.8,58.5,92.8,Achievable target,84.6,Pass,True,,High,59.0
3rd Year,68.6,74.4,85.1,66.3,51.8,53.1,83.2,69.7,Achievable target,79.0,Pass,True,,Low,78.3
2nd Year,51.0,58.7,58.0,71.6,59.5,71.7,61.7,95.9,Achievable target,100.0,Pass,True,,High,73.0
3rd Year,65.2,64.3,68.2,88.9,81.1,57.4,71.8,78.9,Achievable target,87.2,Pass,True,,High,62.2
2nd Year,73.6,68.0,68.3,77.2,80.2,78.9,62.7,88.1,Achievable target,100.0,Pass,True,,High,41.9
3rd Year,62.8,73.8,50.0,75.9,82.3,58.9,65.7,87.3,Achievable target,100.0,Pass,True,,High,59.3
1st Year,70.1,94.7,63.1,75.9,73.0,61.6,85.7,64.1,Achievable target,64.6,Fail,True,,Low,80.3
3rd Year,72.2,72.1,74.7,83.3,89.5,62.5,72.1,76.2,Achievable target,83.1,Pass,True,,High,57.9
4th Year,73.4,82.9,65.2,82.4,64.5,67.7,65.6,85.1,Achievable target,71.5,Fail,True,,High,53.3
1st Year,86.2,99.3,72.0,50.0,67.0,71.8,59.9,90.1,Achievable target,96.1,Pass,True,,High,68.0
3rd Year,87.8,79.9,76.3,85.2,79.1,73.4,52.8,93.9,Achievable target,91.0,Pass,True,,High,45.6
1st Year,87.6,84.2,91.2,77.6,84.0,68.4,58.8,86.2,Achievable target,89.3,Pass,True,,High,59.5
3rd Year,69.8,66.4,93.4,75.9,82.8,54.9,72.2,76.5,Achievable target,64.6,Fail,True,,High,71.5
1st Year,74.8,66.5,73.5,90.2,79.9,75.9,80.7,68.3,Achievable target,77.3,Pass,True,,Low,79.9
4th Year,53.4,70.9,94.3,70.9,52.3,68.0,65.6,87.7,Achievable target,75.7,Pass,True,,High,58.7
1st Year,95.5,81.4,72.6,69.1,86.1,80.3,86.5,60.5,Achievable target,67.0,Fail,True,,Medium,72.4
4th Year,67.1,86.8,79.7,76.3,75.1,61.3,64.1,84.9,Achievable target,77.6,Pass,True,,High,51.5
3rd Year,71.4,85.6,63.3,54.4,80.6,52.2,68.8,83.2,Achievable target,79.7,Pass,True,,High,62.2
3rd Year,80.8,79.0,78.2,69.6,82.6,68.2,60.5,88.0,Achievable target,100.0,Pass,True,,High,57.8
3rd Year,72.9,67.7,69.8,97.0,53.1,81.7,80.8,70.6,Achievable target,81.5,Pass,True,,High,49.4
3rd Year,79.2,53.8,72.1,68.3,50.0,70.1,91.7,63.5,Achievable target,80.0,Pass,True,,Medium,83.3
4th Year,78.0,69.0,50.0,83.2,90.2,66.5,53.8,96.7,Achievable target,100.0,Pass,True,,High,63.3
1st Year,90.8,77.6,73.9,88.9,93.1,59.6,67.7,77.4,Achievable target,74.7,Fail,True,,High,55.7
3rd Year,86.7,62.4,75.8,78.5,52.2,86.4,83.5,68.4,Achievable target,88.4,Pass,True,,Low,80.8
1st Year,78.9,100.0,80.9,90.6,75.5,58.0,56.9,88.0,Achievable target,78.3,Pass,True,,High,50.7
3rd Year,72.5,77.9,63.9,62.1,88.2,61.1,76.7,74.3,Achievable target,86.8,Pass,True,,Medium,79.6
1st Year,89.5,61.8,84.7,72.4,77.4,74.3,83.1,65.8,Achievable target,65.9,Fail,True,,Low,83.3
3rd Year,78.8,85.0,74.4,89.9,77.0,50.0,71.9,75.1,Achievable target,70.8,Fail,True,,High,60.7
3rd Year,80.7,63.7,98.7,78.9,81.7,81.5,76.5,70.6,Achievable target,81.7,Pass,True,,Low,83.1
2nd Year,54.6,63.8,87.9,76.8,51.0,74.9,88.4,65.7,Achievable target,80.1,Pass,True,,Medium,75.3
2nd Year,85.5,67.0,89.9,72.4,75.8,77.7,90.2,58.2,Achievable target,72.4,Fail,True,,Low,83.4
3rd Year,87.2,62.9,61.8,71.1,83.1,74.2,70.5,80.4,Achievable target,87.5,Pass,True,,High,63.1
3rd Year,57.8,53.9,83.0,66.3,68.8,66.9,65.9,88.6,Achievable target,94.9,Pass,True,,High,55.5
2nd Year,51.7,65.5,73.3,84.3,64.4,57.7,62.1,91.5,Achievable target,100.0,Pass,True,,Medium,76.8
3rd Year,92.8,65.4,65.4,91.4,75.9,67.1,80.7,67.7,Achievable target,75.7,Pass,True,,Low,87.4
4th Year,66.9,71.6,89.2,90.6,63.8,58.6,57.7,91.6,Achievable target,100.0,Pass,True,,High,56.1
1st Year,72.9,74.5,61.9,72.7,73.5,73.5,68.6,83.4,Achievable target,90.4,Pass,True,,High,50.1
1st Year,86.7,87.5,69.5,70.9,81.2,76.7,72.1,75.8,Achievable target,89.2,Pass,True,,High,49.5
1st Year,66.6,80.3,72.4,62.1,62.2,83.6,66.2,86.9,Achievable target,75.6,Pass,True,,High,51.1
3rd Year,90.3,71.6,92.6,67.4,76.8,72.3,73.8,73.8,Achievable target,77.5,Pass,True,,High,49.1
2nd Year,100.0,61.0,51.2,88.5,63.7,77.9,92.0,59.1,Achievable target,50.3,Fail,True,,Low,88.3
3rd Year,73.2,66.5,76.5,62.3,71.3,65.5,69.9,82.6,Achievable target,90.4,Pass,True,,High,56.6
3rd Year,78.7,61.6,65.2,69.3,56.7,63.6,66.8,87.6,Achievable target,100.0,Pass,True,,High,69.6
2nd Year,68.5,74.8,68.7,70.2,73.2,73.3,81.1,70.9,Achievable target,71.2,Fail,True,,Low,95.4
4th Year,65.7,81.5,90.2,68.0,79.1,64.6,73.4,75.6,Achievable target,81.9,Pass,True,,High,57.2
3rd Year,70.6,77.7,91.7,79.4,52.7,71.2,85.2,65.1,Achievable target,77.7,Pass,True,,Low,76.3
1st Year,78.7,87.8,70.8,85.0,65.3,57.7,72.7,76.0,Achievable target,60.3,Fail,True,,High,53.9
2nd Year,56.0,75.1,52.8,70.6,88.5,59.5,68.7,84.5,Achievable target,84.3,Pass,True,,High,56.4
2nd Year,51.1,58.4,61.3,72.7,69.1,75.0,53.6,102.6,Cannot pass,50.0,Fail,True,,High,45.1
1st Year,89.8,84.6,79.2,75.1,78.0,77.5,55.2,91.6,Achievable target,67.6,Fail,True,,High,55.0
1st Year,63.3,83.4,60.4,83.2,87.3,58.4,53.1,96.6,Achievable target,91.8,Pass,True,,High,59.3
4th Year,75.9,71.3,78.1,50.0,76.9,75.3,74.8,77.5,Achievable target,93.5,Pass,True,,Low,81.7
2nd Year,72.1,72.8,81.7,72.5,60.1,63.1,57.7,93.9,Achievable target,100.0,Pass,True,,High,50.9
2nd Year,71.7,74.2,74.7,75.3,85.6,68.7,83.4,65.9,Achievable target,74.6,Fail,True,,Low,80.2
3rd Year,60.7,75.5,88.5,53.1,75.5,83.0,71.4,80.8,Achievable target,94.6,Pass,True,,High,71.3
2nd Year,66.6,69.1,62.8,71.4,94.9,76.7,68.7,82.3,Achievable target,89.5,Pass,True,,High,55.7
4th Year,58.6,59.7,58.2,93.6,68.0,76.6,62.8,90.9,Achievable target,100.0,Pass,True,,High,50.4
3rd Year,73.1,68.7,62.4,70.6,100.0,88.0,77.2,72.8,Achievable target,74.6,Fail,True,,Low,82.1
2nd Year,89.7,63.4,81.0,63.7,52.6,61.3,63.2,89.3,Achievable target,95.5,Pass,True,,High,64.6
2nd Year,85.3,87.0,85.6,67.9,71.4,58.4,61.4,86.4,Achievable target,85.1,Pass,True,,High,51.5
4th Year,82.2,78.0,68.8,54.5,74.7,61.1,82.7,69.0,Achievable target,86.6,Pass,True,,Low,86.4
3rd Year,86.0,59.4,80.9,77.3,82.2,65.9,74.6,74.3,Achievable target,94.5,Pass,True,,High,62.8
4th Year,83.6,65.3,54.5,67.2,83.8,50.0,68.8,83.3,Achievable target,100.0,Pass,True,,High,63.0
1st Year,67.1,65.3,52.1,93.9,83.1,66.4,77.4,73.9,Achievable target,74.8,Fail,True,,Low,91.0
4th Year,82.4,84.7,80.1,70.5,71.5,62.9,71.2,77.4,Achievable target,72.9,Fail,True,,High,52.6
3rd Year,68.4,100.0,79.9,68.0,78.8,76.5,74.9,73.1,Achievable target,90.9,Pass,True,,High,66.1
1st Year,61.6,91.0,65.7,79.3,85.9,72.1,63.1,86.0,Achievable target,96.4,Pass,True,,High,50.7
3rd Year,77.9,74.5,73.5,72.7,66.7,62.4,91.4,59.6,Achievable target,67.9,Fail,True,,Low,82.0
3rd Year,68.1,90.7,72.1,64.2,67.4,74.5,65.4,85.8,Achievable target,84.5,Pass,True,,Low,90.0
1st Year,86.3,81.3,80.0,70.4,80.1,75.9,86.3,61.4,Achievable target,70.7,Fail,True,,Low,88.1
2nd Year,65.9,70.4,84.7,83.6,61.9,60.7,69.2,81.6,Achievable target,75.7,Pass,True,,High,57.0
3rd Year,63.4,74.7,93.6,51.0,76.7,63.5,79.0,72.6,Achievable target,83.9,Pass,True,,Low,78.0
2nd Year,57.3,66.0,69.1,68.5,67.2,50.0,78.3,76.4,Achievable target,95.2,Pass,True,,Medium,74.9
2nd Year,73.5,67.1,56.3,82.5,82.2,57.4,82.3,69.0,Achievable target,90.3,Pass,True,,Medium,66.6
2nd Year,83.3,55.4,76.9,81.3,61.3,60.9,62.9,88.8,Achievable target,100.0,Pass,True,,High,49.6
2nd Year,73.5,72.0,95.0,95.9,53.9,69.3,81.6,66.9,Achievable target,58.1,Fail,True,,Low,80.8
4th Year,100.0,62.7,84.9,84.8,61.8,58.9,89.2,58.9,Achievable target,65.9,Fail,True,,Low,85.2
3rd Year,79.2,72.1,79.9,76.1,87.4,63.3,68.6,79.4,Achievable target,100.0,Pass,True,,High,40.0
1st Year,74.3,71.4,86.2,80.2,82.0,56.0,71.4,76.7,Achievable target,73.0,Fail,True,,High,59.9
4th Year,65.6,61.2,66.8,66.1,82.6,70.2,66.0,87.3,Achievable target,91.7,Pass,True,,High,58.4
4th Year,84.8,71.6,90.1,89.4,76.2,72.8,67.7,78.6,Achievable target,97.7,Pass,True,,High,52.3
2nd Year,63.8,91.8,72.7,74.9,69.4,72.6,87.9,62.3,Achievable target,73.5,Fail,True,,Low,89.2
4th Year,63.0,56.2,80.8,64.2,100.0,68.6,61.3,89.8,Achievable target,100.0,Pass,True,,Medium,75.3
1st Year,60.7,58.7,79.4,91.3,74.2,52.8,61.9,89.2,Achievable target,86.9,Pass,True,,Medium,66.8
4th Year,80.1,51.8,65.5,60.8,51.2,62.2,86.9,69.7,Achievable target,64.8,Fail,True,,Medium,66.3
3rd Year,74.8,50.0,57.9,67.1,63.7,64.3,77.2,78.9,Achievable target,96.1,Pass,True,,Low,87.5
3rd Year,78.0,77.0,83.9,82.2,86.7,64.4,91.9,54.8,Achievable target,50.0,Fail,True,,Low,76.4
1st Year,73.4,77.0,79.4,75.1,68.8,69.3,66.7,83.4,Achievable target,86.4,Pass,True,,High,54.3
4th Year,69.5,63.8,78.3,72.3,65.6,83.0,72.3,80.2,Achievable target,84.5,Pass,True,,High,52.0
1st Year,65.7,59.2,84.9,74.3,63.3,76.8,64.6,88.2,Achievable target,100.0,Pass,True,,High,57.6
1st Year,82.9,66.8,56.9,85.3,67.1,58.4,72.5,79.1,Achievable target,90.2,Pass,True,,High,58.7
1st Year,68.6,73.9,86.8,73.6,59.4,75.4,53.7,97.6,Achievable target,100.0,Pass,True,,High,57.3
3rd Year,79.8,67.7,95.5,73.4,50.0,75.0,77.8,73.1,Achievable target,74.1,Fail,True,,Low,89.7
1st Year,77.6,96.2,91.8,94.8,61.5,60.3,74.3,71.0,Achievable target,88.2,Pass,True,,High,58.8
4th Year,84.1,65.0,76.0,58.5,65.9,77.2,70.5,82.0,Achievable target,100.0,Pass,True,,High,54.5
3rd Year,65.5,83.9,82.8,76.6,57.6,66.9,67.3,83.6,Achievable target,95.5,Pass,True,,High,47.3
1st Year,69.8,64.7,83.6,87.2,85.8,54.1,62.3,86.1,Achievable target,92.1,Pass,True,,High,62.8
1st Year,64.6,50.0,52.7,90.0,68.7,73.1,78.2,76.7,Achievable target,68.7,Fail,True,,Medium,74.7
1st Year,64.6,92.6,88.2,73.7,70.0,70.7,59.6,89.0,Achievable target,87.6,Pass,True,,High,68.6
3rd Year,71.9,76.1,92.1,78.3,81.9,66.2,76.1,71.4,Achievable target,74.3,Fail,True,,High,51.0
3rd Year,87.1,59.7,82.2,70.0,50.0,68.1,91.4,61.2,Achievable target,60.9,Fail,True,,Medium,71.2
1st Year,50.0,61.5,79.6,74.7,75.6,61.2,85.7,67.7,Achievable target,72.5,Fail,True,,Medium,70.6
4th Year,96.2,58.6,73.1,77.0,64.8,74.7,56.3,94.2,Achievable target,100.0,Pass,True,,High,56.3
1st Year,73.7,54.7,89.9,65.4,97.2,68.1,65.8,83.6,Achievable target,100.0,Pass,True,,Medium,71.1
3rd Year,73.0,85.4,72.8,73.0,66.6,70.2,75.2,75.2,Achievable target,78.6,Pass,True,,Low,75.4
4th Year,74.8,77.1,64.2,71.9,66.3,72.1,70.4,81.7,Achievable target,74.6,Fail,True,,High,63.6
3rd Year,100.0,72.4,91.5,71.1,76.4,56.7,57.4,89.0,Achievable target,100.0,Pass,True,,High,62.2
3rd Year,57.9,68.2,75.9,92.0,76.0,59.4,74.9,75.6,Achievable target,80.1,Pass,True,,High,66.0
4th Year,89.6,80.9,92.4,72.7,100.0,50.0,71.0,72.9,Achievable target,60.6,Fail,True,,High,73.0
1st Year,67.7,64.4,59.2,100.0,83.0,74.3,89.9,60.2,Achievable target,72.3,Fail,True,,Low,82.4
1st Year,69.5,88.0,81.4,96.4,55.3,56.1,68.6,79.8,Achievable target,95.1,Pass,True,,High,56.7
1st Year,70.3,68.0,50.3,85.8,70.2,69.9,82.5,70.5,Achievable target,51.2,Fail,True,,Medium,71.1
2nd Year,82.1,100.0,69.3,68.5,74.8,72.3,58.7,89.3,Achievable target,86.1,Pass,True,,High,72.5
3rd Year,85.0,66.8,66.0,85.8,77.8,74.6,61.0,88.4,Achievable target,92.3,Pass,True,,High,43.2
3rd Year,50.0,59.1,91.0,78.1,64.5,56.2,78.2,75.0,Achievable target,87.3,Pass,True,,Low,86.4
4th Year,71.4,73.6,82.0,57.5,63.6,67.8,81.7,71.0,Achievable target,70.8,Fail,True,,Medium,60.7
1st Year,76.6,72.2,80.1,59.0,77.6,85.5,61.7,89.2,Achievable target,85.9,Pass,True,,High,40.0
3rd Year,86.2,79.1,75.0,72.3,63.6,86.0,71.3,78.6,Achievable target,90.9,Pass,True,,High,40.8
1st Year,72.6,88.1,72.0,63.0,67.6,78.6,57.6,93.6,Achievable target,93.9,Pass,True,,High,45.9
1st Year,75.7,69.0,79.1,79.5,83.8,71.9,69.3,79.5,Achievable target,89.9,Pass,True,,High,65.6
3rd Year,90.1,85.1,62.5,62.8,72.5,58.2,79.3,70.9,Achievable target,64.8,Fail,True,,Medium,64.9
4th Year,68.1,60.1,68.2,67.8,65.5,75.8,66.8,87.7,Achievable target,79.2,Pass,True,,High,55.2
3rd Year,69.7,87.2,75.7,100.0,75.4,66.9,68.7,78.0,Achievable target,90.6,Pass,True,,High,47.7
1st Year,70.0,73.4,76.4,78.5,97.7,74.2,60.0,87.9,Achievable target,95.4,Pass,True,,High,61.9
3rd Year,63.5,83.5,75.8,55.0,82.4,62.0,64.7,86.8,Achievable target,100.0,Pass,True,,High,48.2
1st Year,88.2,63.4,73.3,53.2,58.7,66.7,88.3,65.5,Achievable target,65.2,Fail,True,,Medium,80.2
4th Year,85.7,67.9,60.4,76.1,67.3,70.2,71.8,80.0,Achievable target,77.0,Pass,True,,High,49.1
3rd Year,67.9,82.1,59.8,62.8,75.2,71.0,61.3,91.4,Achievable target,100.0,Pass,True,,High,50.9
1st Year,84.7,87.9,65.6,84.4,64.2,73.5,68.0,80.8,Achievable target,70.6,Fail,True,,High,58.0
1st Year,94.8,60.1,88.9,65.7,97.0,62.6,55.4,91.4,Achievable target,100.0,Pass,True,,High,57.2
1st Year,80.3,61.5,67.3,82.5,85.7,54.8,61.2,88.6,Achievable target,100.0,Pass,True,,High,68.4
4th Year,72.6,73.9,82.3,74.9,58.3,85.1,84.4,66.9,Achievable target,80.5,Pass,True,,Low,84.6
2nd Year,63.9,76.2,87.6,92.3,82.5,93.9,69.7,77.5,Achievable target,75.6,Pass,True,,High,47.3
3rd Year,76.8,82.2,65.6,71.6,63.8,73.1,89.6,61.9,Achievable target,58.7,Fail,True,,Low,81.2
3rd Year,58.8,77.3,75.6,81.4,79.8,55.0,70.2,80.0,Achievable target,82.9,Pass,True,,High,52.4
3rd Year,76.2,79.9,72.9,78.2,64.9,60.6,70.7,79.6,Achievable target,71.6,Fail,True,,High,62.8
1st Year,77.7,81.2,65.6,74.0,66.1,73.7,77.4,73.6,Achievable target,69.0,Fail,True,,Medium,73.7
4th Year,67.2,60.2,88.2,85.9,79.7,82.2,50.0,99.4,Achievable target,100.0,Pass,True,,High,56.0
2nd Year,96.5,71.2,100.0,70.7,76.4,56.1,73.1,72.9,Achievable target,84.4,Pass,True,,High,64.0
3rd Year,68.7,77.8,83.2,72.1,94.2,67.2,70.6,77.3,Achievable target,71.8,Fail,True,,High,52.8
3rd Year,76.2,76.6,62.8,78.3,71.8,70.5,85.7,65.2,Achievable target,77.0,Pass,True,,High,55.9
3rd Year,66.3,64.3,100.0,70.3,56.4,77.3,80.6,71.2,Achievable target,80.7,Pass,True,,Low,84.9
4th Year,65.2,72.8,79.8,79.9,81.3,65.0,60.0,89.6,Achievable target,100.0,Pass,True,,High,69.2
1st Year,65.9,77.4,63.2,66.2,62.7,52.5,83.3,70.7,Achievable target,81.4,Pass,True,,Medium,70.3
2nd Year,59.5,85.9,81.5,84.8,73.9,74.8,68.5,80.4,Achievable target,96.0,Pass,True,,High,54.2
2nd Year,82.5,52.8,83.5,75.5,80.7,80.0,62.2,87.8,Achievable target,97.6,Pass,True,,High,48.6
2nd Year,77.8,61.9,55.9,65.1,80.0,67.7,73.0,80.4,Achievable target,95.2,Pass,True,,High,62.5
1st Year,81.5,57.4,61.9,64.9,69.2,72.6,69.1,84.9,Achievable target,77.0,Pass,True,,High,52.3
1st Year,57.5,56.8,63.8,74.4,59.6,63.7,86.2,70.1,Achievable target,73.9,Fail,True,,Medium,73.4
1st Year,72.0,85.8,58.2,71.0,85.4,59.9,74.4,75.9,Achievable target,80.5,Pass,True,,High,41.8
2nd Year,68.5,66.7,87.0,69.8,86.3,79.0,73.1,76.6,Achievable target,79.2,Pass,True,,High,65.3
2nd Year,78.4,69.4,79.0,77.1,85.3,72.5,79.9,68.7,Achievable target,78.1,Pass,True,,Low,77.3
3rd Year,67.0,73.9,72.7,81.6,61.4,73.5,81.8,70.0,Achievable target,81.3,Pass,True,,Low,80.1
3rd Year,85.3,78.9,58.0,87.5,99.5,83.8,78.8,67.8,Achievable target,76.7,Pass,True,,Low,89.3
2nd Year,85.1,90.1,74.4,54.0,51.8,57.7,85.0,67.0,Achievable target,70.2,Fail,True,,Low,77.3
2nd Year,76.4,66.5,62.7,72.7,80.6,62.9,77.1,74.5,Achievable target,72.1,Fail,True,,High,56.4
1st Year,56.4,68.1,91.1,60.8,83.6,70.1,72.7,78.8,Achievable target,94.8,Pass,True,,High,57.6
3rd Year,67.7,79.8,86.2,82.1,84.0,62.7,83.2,64.3,Achievable target,72.8,Fail,True,,Low,79.0
2nd Year,59.9,86.4,63.4,76.4,76.4,76.5,70.2,81.0,Achievable target,75.8,Pass,True,,High,67.7
1st Year,79.1,77.3,63.5,57.6,83.6,66.6,71.4,80.0,Achievable target,83.1,Pass,True,,High,69.0
2nd Year,75.6,86.8,72.9,57.0,84.7,58.4,88.0,61.8,Achievable target,50.0,Fail,True,,Medium,58.0
2nd Year,69.1,77.4,65.8,92.6,63.1,69.2,87.0,63.7,Achievable target,69.1,Fail,True,,Low,76.8
1st Year,69.5,74.7,60.6,77.3,92.3,70.2,71.0,79.1,Achievable target,82.1,Pass,True,,High,63.5
3rd Year,67.7,78.0,50.0,72.9,69.7,78.0,66.7,87.0,Achievable target,86.3,Pass,True,,High,46.6
3rd Year,63.8,86.1,69.6,71.3,69.0,72.5,85.4,66.1,Achievable target,86.9,Pass,True,,High,53.9
3rd Year,51.0,60.2,84.6,50.0,64.4,73.2,78.9,77.6,Achievable target,71.0,Fail,True,,Medium,71.9
3rd Year,68.7,93.8,82.4,66.9,88.7,71.8,74.2,73.2,Achievable target,85.3,Pass,True,,High,62.5
3rd Year,64.7,85.2,57.5,86.0,68.6,66.6,67.9,83.4,Achievable target,100.0,Pass,True,,High,55.2
2nd Year,61.4,70.9,76.6,67.6,79.9,61.2,74.4,77.5,Achievable target,93.3,Pass,True,,High,57.8
3rd Year,66.6,80.7,78.6,72.7,68.2,71.4,70.9,79.9,Achievable target,84.6,Pass,True,,High,50.8
2nd Year,75.2,79.8,97.5,84.4,84.8,65.1,64.6,80.7,Achievable target,74.4,Fail,True,,High,67.3
2nd Year,100.0,79.4,79.1,81.6,61.6,85.7,72.4,74.9,Achievable target,66.3,Fail,True,,High,53.0
3rd Year,68.2,67.5,81.0,71.4,75.0,82.2,73.7,77.5,Achievable target,78.4,Pass,True,,High,59.7
2nd Year,86.1,83.5,71.5,65.6,86.7,75.0,67.4,80.8,Achievable target,78.9,Pass,True,,High,52.9
2nd Year,82.5,54.6,69.7,75.3,82.5,72.4,80.0,71.0,Achievable target,68.8,Fail,True,,Low,84.5
3rd Year,84.0,76.7,80.2,74.2,65.5,67.6,83.7,65.7,Achievable target,67.4,Fail,True,,Low,83.2
4th Year,70.3,73.6,73.0,51.3,68.7,55.6,80.6,73.2,Achievable target,77.2,Pass,True,,Medium,69.9
4th Year,74.1,70.1,70.5,79.1,60.8,66.3,68.4,83.6,Achievable target,93.5,Pass,True,,High,48.9
2nd Year,54.4,69.3,82.3,93.1,82.6,69.5,78.5,70.8,Achievable target,63.4,Fail,True,,Low,88.0
2nd Year,56.2,70.7,76.4,75.5,79.7,70.8,71.9,79.7,Achievable target,77.9,Pass,True,,Medium,80.9
3rd Year,62.7,74.2,78.3,83.1,64.0,73.3,59.0,92.3,Achievable target,95.7,Pass,True,,High,58.9
2nd Year,69.4,50.0,66.1,67.3,61.5,77.9,77.7,78.4,Achievable target,81.4,Pass,True,,Medium,76.1
4th Year,75.3,72.7,50.0,75.9,62.5,61.4,72.5,81.4,Achievable target,100.0,Pass,True,,Medium,76.9
2nd Year,79.1,58.4,73.8,70.1,76.9,61.5,92.0,59.7,Achievable target,67.0,Fail,True,,Low,88.6
1st Year,74.9,70.4,55.4,56.1,66.6,83.3,85.4,69.8,Achievable target,58.7,Fail,True,,Medium,73.1
1st Year,73.3,66.3,80.7,70.1,62.1,76.4,78.1,74.2,Achievable target,83.4,Pass,True,,Low,85.1
4th Year,70.1,76.0,77.2,95.4,65.6,64.5,73.5,75.6,Achievable target,86.1,Pass,True,,High,63.9
1st Year,72.5,78.4,73.1,67.5,55.3,67.4,72.7,80.1,Achievable target,83.8,Pass,True,,High,57.6
2nd Year,67.4,60.8,53.2,64.1,61.1,67.5,61.3,95.5,Achievable target,88.4,Pass,True,,Low,79.1
2nd Year,80.2,80.4,62.8,70.4,51.7,68.8,54.1,98.8,Achievable target,100.0,Pass,True,,Low,84.1
1st Year,67.6,78.1,83.1,65.1,85.7,73.3,62.5,87.0,Achievable target,81.3,Pass,True,,High,41.9
2nd Year,55.7,58.8,81.7,93.0,79.2,94.4,70.6,80.1,Achievable target,91.7,Pass,True,,High,57.0
3rd Year,72.9,50.0,50.0,74.9,69.2,70.4,50.5,105.3,Cannot pass,74.7,Fail,True,,High,60.3
1st Year,60.5,74.2,74.7,84.4,75.0,75.3,65.8,84.8,Achievable target,95.8,Pass,True,,High,66.9
3rd Year,87.8,73.5,72.1,85.9,62.0,51.3,68.7,80.7,Achievable target,100.0,Pass,True,,High,58.2
4th Year,100.0,77.8,77.9,79.5,95.4,63.6,69.0,75.4,Achievable target,86.0,Pass,True,,High,64.4
2nd Year,82.7,54.6,89.8,69.4,74.7,81.0,64.6,85.8,Achievable target,85.2,Pass,True,,High,57.0
1st Year,58.4,79.6,65.8,74.6,70.1,72.6,67.8,84.8,Achievable target,100.0,Pass,True,,High,48.8
3rd Year,95.9,96.6,73.9,74.1,69.0,50.0,88.0,58.5,Achievable target,57.2,Fail,True,,Medium,61.1
1st Year,86.3,69.6,68.5,84.8,67.1,75.4,77.6,72.3,Achievable target,78.9,Pass,True,,Low,79.2
2nd Year,73.0,54.9,81.6,96.1,81.8,88.1,65.6,83.2,Achievable target,75.3,Pass,True,,High,46.1
4th Year,90.5,63.5,76.2,62.4,70.7,50.0,70.4,80.8,Achievable target,75.5,Pass,True,,High,62.1
4th Year,82.4,74.6,56.9,58.0,57.2,84.0,70.8,83.8,Achievable target,89.3,Pass,True,,High,55.3
3rd Year,79.1,97.5,89.3,51.2,90.0,50.0,63.6,83.2,Achievable target,91.9,Pass,True,,High,61.6
2nd Year,84.4,55.3,69.9,86.2,79.8,78.1,63.6,86.3,Achievable target,74.3,Fail,True,,High,57.6
3rd Year,58.1,80.5,50.0,70.8,86.7,68.4,81.0,71.9,Achievable target,81.9,Pass,True,,Medium,78.3
3rd Year,73.6,67.6,83.8,84.8,88.7,50.0,67.0,80.6,Achievable target,77.4,Pass,True,,High,65.5
2nd Year,83.6,86.1,82.0,76.5,74.4,73.1,60.4,86.8,Achievable target,100.0,Pass,True,,High,51.8
3rd Year,70.6,59.2,62.2,70.1,76.2,80.2,70.7,83.0,Achievable target,84.5,Pass,True,,High,54.8
1st Year,90.3,72.9,85.1,86.0,70.7,72.2,72.3,74.7,Achievable target,68.5,Fail,True,,High,52.7
1st Year,80.4,70.6,88.9,80.8,59.5,74.5,51.8,97.7,Achievable target,100.0,Pass,True,,High,44.0
2nd Year,75.3,92.7,71.3,78.6,79.8,64.3,70.7,77.0,Achievable target,72.8,Fail,True,,High,62.4
1st Year,61.3,79.4,57.1,66.1,86.0,50.0,79.6,72.9,Achievable target,90.6,Pass,True,,Medium,79.3
1st Year,77.6,69.8,78.6,72.7,73.5,75.6,75.5,74.8,Achievable target,79.8,Pass,True,,Low,84.0
4th Year,81.1,64.9,73.9,69.7,54.8,86.3,92.0,61.1,Achievable target,64.6,Fail,True,,Medium,67.5
4th Year,62.6,91.7,77.9,57.9,55.4,80.0,83.4,69.5,Achievable target,80.4,Pass,True,,Low,89.5
2nd Year,72.1,91.7,71.2,88.7,77.5,50.0,85.3,62.1,Achievable target,57.1,Fail,True,,Low,75.0
4th Year,78.9,57.8,84.4,69.5,83.5,53.0,92.0,58.1,Achievable target,50.2,Fail,True,,High,58.4
4th Year,63.9,75.5,77.5,71.6,78.1,59.9,78.5,72.3,Achievable target,81.4,Pass,True,,Medium,72.0
1st Year,70.3,65.8,92.2,85.7,64.5,52.3,72.7,77.0,Achievable target,71.0,Fail,True,,High,52.4
2nd Year,80.1,64.7,59.5,85.5,53.5,69.0,80.6,72.6,Achievable target,66.6,Fail,True,,Medium,80.7
2nd Year,84.2,70.4,70.9,78.2,80.2,72.5,65.6,83.5,Achievable target,96.9,Pass,True,,High,64.8
1st Year,63.7,81.8,74.7,58.7,71.4,53.9,72.2,80.3,Achievable target,90.6,Pass,True,,High,54.9
3rd Year,89.6,93.0,81.8,59.5,79.1,76.4,64.8,82.4,Achievable target,74.9,Fail,True,,High,56.3
2nd Year,83.4,81.9,82.6,77.7,72.6,74.6,75.0,72.7,Achievable target,71.5,Fail,True,,Low,82.1
2nd Year,66.3,51.2,77.4,75.6,79.9,62.9,64.7,87.8,Achievable target,83.8,Pass,True,,High,52.9
1st Year,57.8,80.9,97.4,74.3,72.7,66.7,64.4,84.8,Achievable target,100.0,Pass,True,,High,46.5
1st Year,77.0,97.2,61.4,75.8,64.0,50.0,75.2,74.8,Achievable target,88.9,Pass,True,,Medium,80.7
4th Year,67.0,72.8,89.2,94.5,78.6,65.1,69.8,77.5,Achievable target,78.3,Pass,True,,High,65.2
1st Year,69.0,100.0,68.4,66.7,52.6,68.6,52.2,99.6,Achievable target,100.0,Pass,True,,High,63.4
1st Year,89.7,84.7,100.0,57.1,90.5,70.2,56.8,88.5,Achievable target,79.9,Pass,True,,High,48.2
2nd Year,74.2,82.8,54.1,90.6,82.6,72.4,59.9,89.2,Achievable target,87.5,Pass,True,,High,73.0
2nd Year,72.9,80.9,64.4,66.6,68.0,71.0,62.4,89.8,Achievable target,95.8,Pass,True,,High,72.8
3rd Year,51.7,83.5,87.3,65.2,77.5,65.8,75.2,75.8,Achievable target,85.3,Pass,True,,Medium,72.3
2nd Year,70.3,77.2,66.1,63.1,85.7,71.4,73.2,78.1,Achievable target,82.1,Pass,True,,High,49.8
1st Year,72.7,97.1,73.9,62.6,87.8,78.7,81.5,66.6,Achievable target,74.1,Fail,True,,Medium,64.9
1st Year,80.8,81.9,87.3,65.8,71.9,67.5,78.5,70.2,Achievable target,76.0,Pass,True,,Low,86.1
4th Year,71.4,58.3,70.3,89.0,76.2,71.7,81.6,69.4,Achievable target,72.8,Fail,True,,Low,79.4
3rd Year,57.7,55.2,92.9,72.3,65.8,66.6,77.1,76.0,Achievable target,78.0,Pass,True,,Medium,70.8
3rd Year,70.2,56.1,90.1,68.8,89.4,61.9,73.2,76.8,Achievable target,77.5,Pass,True,,Medium,78.6
3rd Year,74.0,90.1,76.4,83.4,81.8,73.8,81.9,65.0,Achievable target,72.3,Fail,True,,Low,76.5
3rd Year,80.7,77.5,70.7,95.8,62.8,62.8,80.1,68.6,Achievable target,77.7,Pass,True,,Low,94.0
1st Year,73.5,73.6,78.1,68.4,77.1,72.4,74.8,75.6,Achievable target,82.6,Pass,True,,Medium,82.0
2nd Year,71.4,54.9,73.5,60.5,53.1,68.8,83.6,72.6,Achievable target,65.8,Fail,True,,High,47.1
2nd Year,75.0,79.1,79.6,80.0,50.8,65.4,50.0,101.0,Cannot pass,53.4,Fail,True,,High,45.7
2nd Year,57.5,96.5,61.1,80.5,65.4,65.2,68.3,83.1,Achievable target,92.1,Pass,True,,High,54.7
4th Year,74.3,66.0,80.0,75.0,68.2,63.3,68.1,83.1,Achievable target,100.0,Pass,True,,Medium,63.8
2nd Year,61.1,76.5,59.2,78.4,100.0,51.7,82.4,67.6,Achievable target,74.1,Fail,True,,High,54.9
3rd Year,89.2,81.8,72.4,50.7,57.9,72.4,86.5,65.8,Achievable target,66.7,Fail,True,,Low,75.0
4th Year,88.4,64.2,65.2,71.5,61.0,70.9,56.9,95.6,Achievable target,100.0,Pass,True,,High,55.2
2nd Year,59.0,72.8,63.0,64.7,64.3,77.2,84.9,70.2,Achievable target,63.8,Fail,True,,Medium,83.6
4th Year,79.5,70.7,71.3,80.4,71.7,63.1,59.6,90.5,Achievable target,100.0,Pass,True,,Medium,63.2
3rd Year,70.1,78.9,81.2,71.7,74.3,87.8,59.9,90.0,Achievable target,96.9,Pass,True,,High,54.8
4th Year,64.3,63.3,82.4,78.6,78.7,64.6,68.8,82.0,Achievable target,80.3,Pass,True,,High,45.1
2nd Year,76.7,73.9,81.5,84.3,84.1,59.6,68.0,79.4,Achievable target,82.7,Pass,True,,High,62.1
2nd Year,72.2,89.6,76.1,80.8,76.7,58.4,55.8,92.2,Achievable target,91.9,Pass,True,,High,55.2
2nd Year,76.3,64.8,81.6,100.0,69.0,50.8,77.5,70.8,Achievable target,88.9,Pass,True,,Medium,84.0
1st Year,74.2,68.2,67.7,91.5,65.5,84.1,77.8,73.0,Achievable target,76.0,Pass,True,,Low,85.0
2nd Year,67.9,54.8,64.5,53.4,80.8,82.5,81.4,74.0,Achievable target,80.6,Pass,True,,Medium,68.4
4th Year,100.0,69.1,53.9,83.9,64.9,74.6,66.9,83.4,Achievable target,94.1,Pass,True,,High,61.4
3rd Year,88.6,70.1,66.0,71.3,82.3,59.4,70.7,79.0,Achievable target,76.6,Pass,True,,High,53.0
1st Year,70.7,67.6,71.1,58.5,78.0,87.0,70.8,82.1,Achievable target,89.0,Pass,True,,High,46.3
2nd Year,52.5,68.2,82.3,76.9,80.3,64.9,87.6,63.9,Achievable target,71.6,Fail,True,,Low,85.5
1st Year,72.6,87.1,84.2,78.6,84.3,65.8,50.0,96.8,Achievable target,86.3,Pass,True,,High,55.6
1st Year,82.2,68.3,57.7,78.3,79.8,83.2,61.7,89.2,Achievable target,96.7,Pass,True,,High,58.3
4th Year,86.2,62.4,62.8,78.8,72.6,75.2,71.2,80.0,Achievable target,84.5,Pass,True,,High,60.0
2nd Year,51.3,77.8,51.7,62.3,89.2,91.0,60.5,93.8,Achievable target,100.0,Pass,True,,High,52.9
2nd Year,94.8,59.2,69.5,73.9,94.2,71.0,68.6,79.7,Achievable target,85.1,Pass,True,,High,60.4
3rd Year,67.6,67.8,91.5,69.0,81.8,64.5,69.9,79.8,Achievable target,87.4,Pass,True,,High,70.9
1st Year,56.1,71.4,54.0,61.1,83.2,62.3,64.7,90.2,Achievable target,100.0,Pass,True,,High,48.1
1st Year,72.8,69.7,64.6,70.8,76.9,50.0,71.7,80.3,Achievable target,73.5,Fail,True,,High,70.9
3rd Year,84.9,50.0,63.7,75.3,72.2,65.7,77.3,75.6,Achievable target,77.2,Pass,True,,Medium,69.3
3rd Year,78.1,76.5,69.8,67.2,70.5,80.2,68.8,82.5,Achievable target,94.2,Pass,True,,High,50.9
4th Year,86.8,64.8,72.7,75.5,91.7,74.6,66.7,81.6,Achievable target,91.4,Pass,True,,Medium,84.0
3rd Year,69.9,84.6,87.8,72.7,70.9,68.7,69.5,79.4,Achievable target,89.0,Pass,True,,Medium,72.1
2nd Year,69.6,70.4,83.4,76.1,76.2,58.4,71.0,78.9,Achievable target,100.0,Pass,True,,High,68.0
3rd Year,60.2,62.1,98.5,71.3,64.3,70.8,54.0,97.9,Achievable target,100.0,Pass,True,,High,63.5
4th Year,90.1,76.7,80.2,71.8,69.7,78.8,75.6,73.1,Achievable target,89.4,Pass,True,,Low,75.6
3rd Year,71.4,57.2,72.4,76.9,95.1,72.9,66.7,83.5,Achievable target,85.4,Pass,True,,High,58.0
4th Year,74.4,50.0,72.3,100.0,83.5,70.2,83.5,66.0,Achievable target,61.1,Fail,True,,Low,81.4
3rd Year,63.9,80.3,64.7,57.6,69.3,60.4,76.9,77.0,Achievable target,78.9,Pass,True,,Medium,61.6
4th Year,74.5,51.5,60.0,73.5,68.6,77.3,82.6,72.1,Achievable target,84.2,Pass,True,,High,42.8
1st Year,78.0,59.2,81.8,59.6,92.6,50.0,61.2,89.2,Achievable target,98.3,Pass,True,,High,57.8
3rd Year,53.3,60.6,78.3,92.9,77.1,72.4,67.5,83.8,Achievable target,92.8,Pass,True,,Medium,75.1
2nd Year,80.0,73.6,61.4,67.7,59.2,94.7,58.9,94.4,Achievable target,97.3,Pass,True,,Low,86.0
2nd Year,58.4,78.1,60.3,77.1,58.2,53.1,64.2,90.1,Achievable target,91.4,Pass,True,,High,54.6
3rd Year,76.9,67.7,89.9,77.2,87.9,66.0,83.4,64.1,Achievable target,67.3,Fail,True,,Low,80.0
4th Year,64.6,74.1,61.9,68.6,70.3,68.4,85.7,67.8,Achievable target,80.0,Pass,True,,Medium,64.1
4th Year,64.9,59.2,56.9,50.0,61.0,63.8,59.8,98.5,Achievable target,100.0,Pass,True,,High,52.6
2nd Year,80.7,54.7,57.4,94.4,66.0,79.1,66.6,85.6,Achievable target,80.5,Pass,True,,High,48.7
3rd Year,77.2,80.9,81.2,55.6,70.7,73.3,70.4,80.5,Achievable target,93.1,Pass,True,,High,55.4
3rd Year,54.5,100.0,54.7,61.1,61.2,70.1,76.8,77.6,Achievable target,76.1,Pass,True,,Medium,70.8
2nd Year,55.9,89.2,100.0,67.8,58.0,76.6,53.9,96.5,Achievable target,100.0,Pass,True,,High,49.8
1st Year,50.0,70.5,69.7,65.8,76.0,68.7,55.4,98.9,Achievable target,100.0,Pass,True,,High,55.1
1st Year,78.0,77.2,69.7,60.5,81.2,95.0,75.9,74.9,Achievable target,95.6,Pass,True,,Low,80.2
3rd Year,73.5,83.8,82.6,56.8,56.6,70.0,52.0,100.2,Cannot pass,65.8,Fail,True,,High,57.0
2nd Year,64.6,61.0,82.2,77.5,86.3,70.5,66.7,83.6,Achievable target,90.4,Pass,True,,Low,86.5
4th Year,78.0,75.8,87.4,78.9,74.2,51.1,72.7,75.4,Achievable target,86.5,Pass,True,,High,58.4
2nd Year,90.7,74.7,69.8,63.6,81.6,63.0,75.2,74.3,Achievable target,70.6,Fail,True,,Medium,74.3
4th Year,87.9,72.8,88.7,50.4,72.8,80.2,69.7,80.5,Achievable target,84.8,Pass,True,,Low,75.7
2nd Year,72.9,64.9,100.0,72.6,68.6,54.9,67.5,82.1,Achievable target,84.4,Pass,True,,High,54.0
3rd Year,73.7,50.0,64.5,84.9,66.0,50.0,79.4,74.2,Achievable target,74.1,Fail,True,,High,59.2
1st Year,63.7,88.7,89.1,79.4,68.1,68.8,73.9,74.7,Achievable target,75.3,Pass,True,,High,62.1
2nd Year,70.6,64.0,61.8,61.2,66.2,82.5,64.8,90.3,Achievable target,100.0,Pass,True,,High,44.2
3rd Year,61.3,55.1,76.0,76.1,93.3,68.9,71.5,79.8,Achievable target,78.8,Pass,True,,High,58.3
4th Year,65.6,76.9,77.1,70.4,82.1,65.1,74.9,75.4,Achievable target,86.1,Pass,True,,High,66.7
3rd Year,82.5,77.2,70.4,69.2,57.4,50.0,87.9,63.9,Achievable target,72.0,Fail,True,,Medium,69.7
1st Year,64.0,66.1,60.2,78.5,87.4,73.1,78.8,73.1,Achievable target,64.1,Fail,True,,Low,83.5
2nd Year,62.8,76.7,61.3,69.8,65.3,75.2,83.0,70.9,Achievable target,81.1,Pass,True,,Medium,74.2
1st Year,80.4,65.5,85.2,70.5,65.8,50.3,65.1,85.7,Achievable target,76.6,Pass,True,,Low,85.2
1st Year,58.7,76.4,83.9,76.6,99.6,80.1,66.0,82.0,Achievable target,93.3,Pass,True,,High,62.4
3rd Year,90.1,69.8,69.7,78.9,63.6,76.3,68.8,81.5,Achievable target,81.4,Pass,True,,High,57.6
3rd Year,87.0,77.6,76.4,81.4,93.6,80.0,69.7,76.2,Achievable target,81.3,Pass,True,,High,58.2
3rd Year,75.4,72.1,91.1,84.7,69.6,74.5,61.2,87.0,Achievable target,79.1,Pass,True,,High,50.7
4th Year,73.5,75.7,77.6,57.5,55.4,75.2,83.5,70.0,Achievable target,76.2,Pass,True,,Medium,69.8
3rd Year,63.0,62.1,65.9,80.8,71.4,73.8,79.8,73.4,Achievable target,87.7,Pass,True,,Medium,79.8
3rd Year,75.7,59.1,68.0,80.3,80.4,77.4,68.1,83.1,Achievable target,80.0,Pass,True,,High,55.4
1st Year,64.9,75.3,99.1,73.2,65.3,50.0,77.4,72.3,Achievable target,71.2,Fail,True,,Medium,69.8
1st Year,71.4,74.5,71.6,73.0,56.5,53.2,73.3,79.5,Achievable target,89.0,Pass,True,,High,53.1
3rd Year,62.1,71.7,71.5,66.8,71.3,61.0,78.2,75.0,Achievable target,84.8,Pass,True,,Medium,76.5
4th Year,74.1,83.8,72.2,78.1,67.1,67.2,57.9,92.1,Achievable target,72.8,Fail,True,,High,50.2
1st Year,80.1,77.8,83.5,81.7,80.3,72.5,69.7,77.5,Achievable target,100.0,Pass,True,,High,64.3
2nd Year,72.2,76.3,85.8,65.8,66.0,71.8,70.5,80.4,Achievable target,90.7,Pass,True,,High,49.5
3rd Year,75.5,78.3,63.8,72.5,72.3,79.9,77.2,74.1,Achievable target,86.1,Pass,True,,Low,78.7
1st Year,50.0,70.8,71.6,71.5,90.0,80.2,64.9,87.2,Achievable target,90.8,Pass,True,,High,58.6
2nd Year,59.2,63.8,50.0,67.8,68.8,59.6,50.0,106.5,Cannot pass,51.0,Fail,True,,High,58.0
4th Year,67.4,86.4,83.5,74.3,69.1,70.9,60.5,88.9,Achievable target,100.0,Pass,True,,High,59.4
3rd Year,85.4,73.2,63.8,53.3,68.2,59.9,70.5,82.6,Achievable target,81.9,Pass,True,,High,65.5
1st Year,82.2,100.0,74.1,64.4,59.5,66.6,71.7,77.8,Achievable target,88.2,Pass,True,,Medium,68.1
4th Year,79.9,52.8,79.8,83.0,78.5,71.8,87.6,62.5,Achievable target,65.3,Fail,True,,Low,86.2
2nd Year,70.8,80.0,75.4,64.3,95.0,50.0,76.8,72.1,Achievable target,79.5,Pass,True,,Medium,64.6
4th Year,69.3,82.5,50.0,88.3,90.6,93.1,71.9,77.5,Achievable target,74.8,Fail,True,,High,67.1
2nd Year,73.7,79.9,79.9,65.9,79.8,74.3,70.8,78.8,Achievable target,92.4,Pass,True,,Medium,75.4
3rd Year,63.9,66.3,86.6,84.8,65.1,62.4,81.9,68.9,Achievable target,62.0,Fail,True,,Low,86.7
2nd Year,64.8,65.8,82.0,61.7,77.6,88.2,65.3,87.0,Achievable target,100.0,Pass,True,,Medium,72.3
1st Year,82.1,72.4,85.2,69.8,70.9,65.0,69.7,79.8,Achievable target,100.0,Pass,True,,High,50.7
4th Year,62.0,85.3,64.4,77.5,72.6,69.9,60.4,90.9,Achievable target,100.0,Pass,True,,High,54.4
1st Year,61.1,66.3,89.6,75.8,61.6,63.5,85.0,67.1,Achievable target,84.9,Pass,True,,Low,86.5
1st Year,77.0,71.7,100.0,76.7,68.9,85.4,74.9,73.2,Achievable target,77.4,Pass,True,,Low,83.9
2nd Year,90.0,51.9,74.5,96.7,72.0,67.4,64.2,84.8,Achievable target,100.0,Pass,True,,High,58.0
3rd Year,53.1,68.8,90.4,77.8,63.6,70.0,70.0,82.1,Achievable target,86.1,Pass,True,,High,46.1
3rd Year,65.4,66.9,77.6,89.1,85.7,80.8,76.1,72.9,Achievable target,62.4,Fail,True,,Low,84.9
4th Year,78.7,57.8,57.9,79.6,57.7,74.5,68.6,85.7,Achievable target,100.0,Pass,True,,High,51.5
2nd Year,70.8,77.0,60.1,61.4,72.3,67.9,65.9,87.4,Achievable target,100.0,Pass,True,,Medium,63.4
2nd Year,79.3,85.8,80.5,74.3,64.7,79.8,64.7,84.3,Achievable target,89.0,Pass,True,,High,55.8
1st Year,60.9,67.4,78.2,77.3,50.0,94.4,74.4,79.7,Achievable target,72.4,Fail,True,,High,42.1
3rd Year,64.2,87.5,74.3,56.8,100.0,71.7,67.6,81.6,Achievable target,80.7,Pass,True,,Low,87.5
4th Year,73.1,77.9,78.1,69.1,64.9,69.7,66.7,84.5,Achievable target,71.3,Fail,True,,High,63.8
3rd Year,98.2,85.1,83.0,80.1,61.7,70.2,58.0,88.7,Achievable target,100.0,Pass,True,,High,56.6
3rd Year,88.3,63.5,76.7,54.2,50.0,81.9,71.9,82.3,Achievable target,71.3,Fail,True,,High,49.0
2nd Year,77.1,63.9,50.1,79.7,98.2,62.4,69.3,81.3,Achievable target,89.2,Pass,True,,High,49.4
4th Year,89.7,70.4,73.5,83.8,86.5,65.7,67.9,79.2,Achievable target,75.8,Pass,True,,High,55.8
2nd Year,69.4,73.8,76.9,79.9,71.8,52.8,73.0,77.3,Achievable target,68.0,Fail,True,,High,40.0
1st Year,72.0,89.5,87.6,79.0,93.5,56.4,78.4,66.9,Achievable target,74.3,Fail,True,,Medium,72.3
2nd Year,68.9,92.4,79.7,100.0,59.4,63.2,78.0,69.5,Achievable target,71.2,Fail,True,,Low,87.3
1st Year,65.3,78.3,78.0,96.2,65.6,67.9,76.5,72.7,Achievable target,86.1,Pass,True,,Low,82.4
1st Year,84.0,87.0,81.6,62.2,89.9,86.5,68.7,78.3,Achievable target,70.6,Fail,True,,High,53.0
1st Year,87.8,80.4,75.8,76.0,72.5,74.0,65.5,82.7,Achievable target,80.1,Pass,True,,Medium,72.3
2nd Year,80.9,73.8,63.5,61.1,64.6,59.2,60.9,92.2,Achievable target,73.3,Fail,True,,High,59.8
3rd Year,76.0,73.1,75.9,79.3,66.1,61.1,65.3,85.2,Achievable target,68.4,Fail,True,,High,65.8
2nd Year,90.5,70.3,68.3,79.0,51.9,82.5,71.3,80.2,Achievable target,100.0,Pass,True,,High,57.1
2nd Year,64.2,84.9,53.1,86.5,91.1,80.0,63.4,86.1,Achievable target,100.0,Pass,True,,High,51.5
4th Year,69.1,76.8,86.5,67.9,83.6,68.8,72.0,77.1,Achievable target,83.0,Pass,True,,High,53.3
3rd Year,65.5,67.8,64.0,77.4,86.9,64.0,61.6,89.7,Achievable target,86.5,Pass,True,,High,58.5
2nd Year,71.2,58.5,60.7,78.0,95.0,80.0,54.8,96.4,Achievable target,98.4,Pass,True,,High,69.4
2nd Year,78.0,68.9,82.4,70.6,69.0,58.4,79.1,71.5,Achievable target,85.2,Pass,True,,Medium,68.8
4th Year,62.2,89.9,50.0,82.7,68.0,72.5,66.5,85.7,Achievable target,85.6,Pass,True,,High,48.6
1st Year,68.6,93.2,65.0,65.4,71.9,91.7,62.9,88.2,Achievable target,95.6,Pass,True,,High,50.0
2nd Year,78.2,68.2,55.0,63.3,88.4,70.6,60.4,91.8,Achievable target,96.7,Pass,True,,High,40.2
4th Year,74.3,78.7,70.3,65.7,93.0,60.6,75.2,74.1,Achievable target,73.4,Fail,True,,Medium,73.3
2nd Year,71.2,68.2,86.2,64.9,66.4,72.7,84.6,67.2,Achievable target,66.9,Fail,True,,Low,77.2
3rd Year,73.5,73.4,76.4,97.9,77.3,63.7,67.1,80.5,Achievable target,88.4,Pass,True,,High,47.1
3rd Year,50.0,77.2,73.8,73.9,76.3,54.3,69.0,83.4,Achievable target,78.6,Pass,True,,High,41.2
3rd Year,73.1,72.8,80.6,67.1,62.3,75.7,81.6,70.3,Achievable target,79.8,Pass,True,,Low,78.4
2nd Year,100.0,65.0,74.6,55.9,74.8,79.9,53.4,97.1,Achievable target,97.4,Pass,True,,Medium,75.0
1st Year,62.5,68.2,85.6,78.9,80.1,65.3,90.4,59.6,Achievable target,65.9,Fail,True,,Low,77.4
2nd Year,52.7,94.9,59.5,91.3,85.4,64.7,92.0,57.1,Achievable target,75.9,Pass,True,,Low,75.3
1st Year,80.2,63.4,75.2,67.9,73.7,58.7,50.0,101.5,Cannot pass,59.3,Fail,True,,High,58.4
4th Year,70.5,50.0,86.5,72.5,67.7,67.0,70.1,82.7,Achievable target,96.9,Pass,True,,High,54.3
2nd Year,66.8,77.6,62.9,50.0,78.2,62.8,64.1,89.8,Achievable target,76.9,Pass,True,,High,60.5
3rd Year,79.5,71.1,60.0,74.4,56.3,58.2,68.5,84.9,Achievable target,85.2,Pass,True,,High,62.9
3rd Year,61.4,64.6,83.3,69.2,68.2,87.8,67.0,85.8,Achievable target,91.1,Pass,True,,High,56.9
3rd Year,96.3,77.5,77.4,69.1,66.4,73.3,79.1,69.7,Achievable target,93.9,Pass,True,,Low,77.5
2nd Year,50.0,84.7,78.6,71.3,71.8,74.3,70.0,81.9,Achievable target,67.3,Fail,True,,High,56.0
2nd Year,82.0,55.2,66.5,60.1,94.1,77.5,62.2,89.5,Achievable target,93.5,Pass,True,,High,61.0
4th Year,83.6,50.0,55.7,71.9,67.9,76.4,69.4,85.2,Achievable target,100.0,Pass,True,,High,52.3
3rd Year,57.9,96.2,77.1,79.0,65.3,64.3,76.1,73.9,Achievable target,71.0,Fail,True,,Low,76.8
3rd Year,81.9,68.9,70.1,80.5,54.3,71.3,59.5,92.4,Achievable target,95.3,Pass,True,,High,65.8
4th Year,92.1,75.5,88.4,60.8,62.6,65.8,55.0,94.6,Achievable target,100.0,Pass,True,,High,53.7
3rd Year,59.8,76.3,74.2,68.0,61.5,73.0,90.6,62.9,Achievable target,69.7,Fail,True,,Medium,68.1
1st Year,58.6,72.8,68.0,65.4,91.5,72.0,64.8,87.1,Achievable target,100.0,Pass,True,,High,57.1
3rd Year,72.4,88.3,67.2,76.3,72.8,64.6,69.8,80.0,Achievable target,89.5,Pass,True,,High,65.2
1st Year,53.5,90.1,71.8,82.1,64.6,54.9,67.2,84.1,Achievable target,100.0,Pass,True,,High,59.1
3rd Year,71.5,63.3,87.9,77.0,77.7,70.0,76.5,73.3,Achievable target,74.7,Fail,True,,Low,82.3
4th Year,89.3,86.9,82.4,56.8,65.3,66.4,88.5,60.9,Achievable target,58.5,Fail,True,,Low,87.4
2nd Year,61.7,81.9,75.4,57.1,71.2,50.0,76.8,76.0,Achievable target,78.7,Pass,True,,Medium,84.0
2nd Year,55.9,72.8,54.0,79.6,77.8,73.7,56.2,97.3,Achievable target,90.7,Pass,True,,High,68.1
1st Year,95.7,83.3,68.5,83.0,57.0,78.3,57.5,91.2,Achievable target,100.0,Pass,True,,High,62.4
4th Year,62.1,77.3,50.0,73.0,61.5,94.3,67.2,87.9,Achievable target,89.0,Pass,True,,Low,78.4
1st Year,74.6,60.8,78.4,73.6,89.8,64.5,68.5,81.3,Achievable target,79.6,Pass,True,,High,73.0
1st Year,73.5,64.4,70.5,57.7,78.2,63.0,54.2,98.9,Achievable target,100.0,Pass,True,,High,47.4
1st Year,80.3,100.0,66.1,70.3,66.7,57.2,79.1,70.1,Achievable target,63.7,Fail,True,,Medium,68.4
1st Year,75.9,77.9,72.8,86.1,66.2,70.6,60.5,89.1,Achievable target,100.0,Pass,True,,High,51.4
2nd Year,84.9,79.7,73.3,69.7,100.0,70.6,85.7,61.0,Achievable target,61.2,Fail,True,,Low,92.1
2nd Year,63.8,76.9,64.6,94.3,83.8,60.2,88.9,60.3,Achievable target,76.9,Pass,True,,Low,86.1
2nd Year,65.5,79.4,76.4,67.4,82.3,66.7,68.7,81.7,Achievable target,82.8,Pass,True,,Low,76.9
1st Year,78.0,75.9,72.9,78.4,76.1,50.0,75.4,74.0,Achievable target,85.3,Pass,True,,Medium,72.9
1st Year,74.1,65.9,93.2,61.1,78.4,77.9,59.0,91.2,Achievable target,98.0,Pass,True,,High,61.4
2nd Year,69.7,94.0,62.8,64.8,62.1,60.6,77.2,75.0,Achievable target,87.4,Pass,True,,Medium,68.8
1st Year,77.2,57.3,67.8,50.0,76.2,68.1,66.2,88.4,Achievable target,94.5,Pass,True,,High,47.2
3rd Year,67.5,56.0,86.1,58.1,82.7,53.9,60.4,92.1,Achievable target,80.5,Pass,True,,Low,80.4
1st Year,65.2,92.1,82.2,61.6,62.7,62.6,68.3,82.8,Achievable target,97.9,Pass,True,,High,53.5
2nd Year,80.5,70.3,71.4,88.3,64.6,65.6,66.5,83.5,Achievable target,87.6,Pass,True,,High,57.2
2nd Year,74.5,84.6,82.9,71.5,70.0,68.4,67.9,81.2,Achievable target,94.1,Pass,True,,High,52.8
2nd Year,53.1,61.0,77.1,71.8,74.3,73.4,80.4,73.4,Achievable target,85.3,Pass,True,,Medium,76.1
1st Year,85.6,59.5,70.6,75.6,65.2,83.2,63.4,88.4,Achievable target,85.7,Pass,True,,High,49.4
1st Year,90.1,84.0,76.8,94.4,55.9,76.0,88.1,59.3,Achievable target,55.2,Fail,True,,Low,75.3
4th Year,73.3,77.7,62.7,76.9,60.5,78.3,58.1,94.3,Achievable target,100.0,Pass,True,,High,51.1
1st Year,81.5,85.8,76.6,51.7,62.1,83.3,86.9,64.8,Achievable target,66.8,Fail,True,,Low,90.7
2nd Year,80.0,73.6,50.0,87.9,75.0,74.3,61.1,89.8,Achievable target,100.0,Pass,True,,High,52.4
2nd Year,63.8,85.0,65.5,65.3,77.6,68.1,71.1,80.7,Achievable target,83.9,Pass,True,,High,73.0
2nd Year,94.2,92.4,77.6,78.8,82.7,78.8,66.3,78.6,Achievable target,93.8,Pass,True,,High,60.9
2nd Year,58.7,80.9,64.8,77.1,70.7,79.4,67.7,84.6,Achievable target,93.8,Pass,True,,High,47.7
3rd Year,79.3,74.8,50.0,75.5,80.9,75.1,79.0,72.4,Achievable target,80.3,Pass,True,,Low,79.8
4th Year,78.6,72.2,92.6,77.0,78.5,53.7,85.8,61.8,Achievable target,63.1,Fail,True,,Medium,72.7
1st Year,85.6,77.6,62.9,50.0,67.8,59.9,82.8,70.3,Achievable target,77.6,Pass,True,,Medium,62.8
2nd Year,82.3,69.3,82.8,75.1,88.5,65.7,67.1,80.6,Achievable target,97.5,Pass,True,,High,73.0
1st Year,69.9,78.9,79.3,91.0,53.4,76.5,72.9,77.4,Achievable target,81.9,Pass,True,,High,49.1
2nd Year,68.0,83.3,91.5,76.2,70.0,68.3,63.4,85.2,Achievable target,95.5,Pass,True,,Low,87.4
3rd Year,82.3,83.6,69.2,77.3,87.2,80.1,61.4,86.1,Achievable target,91.6,Pass,True,,High,68.7
1st Year,95.5,82.1,73.9,72.8,79.9,81.9,59.9,87.2,Achievable target,93.4,Pass,True,,High,56.1
2nd Year,72.0,75.6,61.0,88.6,60.1,80.7,66.8,85.0,Achievable target,100.0,Pass,True,,High,49.0
4th Year,68.3,74.5,96.7,68.5,65.6,80.8,73.5,76.6,Achievable target,93.6,Pass,True,,High,54.8
1st Year,67.0,92.8,50.0,61.7,100.0,57.9,52.4,97.9,Achievable target,100.0,Pass,True,,High,59.9
2nd Year,80.3,60.5,72.9,74.2,83.3,73.4,70.6,79.8,Achievable target,86.9,Pass,True,,High,64.0
3rd Year,94.9,77.9,67.1,82.6,65.2,62.3,86.0,62.7,Achievable target,60.7,Fail,True,,Low,84.3
1st Year,61.3,52.8,55.1,62.9,59.6,51.7,82.1,76.2,Achievable target,79.5,Pass,True,,Medium,61.2
1st Year,77.1,59.4,50.0,61.2,67.9,65.6,65.4,90.5,Achievable target,98.6,Pass,True,,High,57.3
1st Year,66.3,91.2,66.2,83.7,73.2,82.0,57.4,92.0,Achievable target,100.0,Pass,True,,High,51.6
4th Year,72.9,63.6,72.7,64.4,75.4,73.2,75.6,77.0,Achievable target,89.5,Pass,True,,Medium,58.0
1st Year,70.6,62.3,85.0,78.4,68.2,89.1,50.0,101.0,Cannot pass,64.4,Fail,True,,High,51.4
1st Year,75.1,72.4,63.2,74.2,66.1,70.3,82.0,70.4,Achievable target,85.2,Pass,True,,Low,76.8
1st Year,62.3,54.4,69.2,80.0,65.3,93.5,69.0,85.4,Achievable target,89.5,Pass,True,,High,61.7
1st Year,100.0,83.8,88.7,82.7,95.1,70.3,89.0,53.5,Achievable target,50.0,Fail,True,,Low,93.7
3rd Year,64.2,50.0,68.2,79.9,75.2,68.7,54.2,99.5,Achievable target,100.0,Pass,True,,High,71.9
1st Year,76.6,88.9,77.9,82.7,62.4,55.5,80.1,68.6,Achievable target,88.2,Pass,True,,Medium,67.0
3rd Year,60.6,92.3,74.6,66.1,66.1,79.8,70.1,81.4,Achievable target,89.0,Pass,True,,High,53.3
3rd Year,65.8,65.1,58.4,55.8,71.1,63.4,67.9,88.0,Achievable target,100.0,Pass,True,,High,62.5
4th Year,66.5,86.4,76.8,76.5,64.7,61.9,57.7,92.7,Achievable target,100.0,Pass,True,,High,65.5
1st Year,72.0,77.6,81.8,72.3,86.0,81.6,76.9,71.6,Achievable target,90.6,Pass,True,,Low,81.9
4th Year,73.5,82.7,67.7,52.2,76.5,80.3,77.7,74.5,Achievable target,86.8,Pass,True,,Low,83.3
3rd Year,81.9,80.1,78.3,69.3,64.0,80.0,88.6,61.5,Achievable target,53.2,Fail,True,,Low,95.0
1st Year,79.9,78.4,66.8,86.4,63.1,64.8,81.0,69.0,Achievable target,94.1,Pass,True,,Low,83.5
3rd Year,66.6,92.5,83.6,69.2,76.8,68.0,65.3,83.3,Achievable target,99.0,Pass,True,,High,53.1
4th Year,75.2,50.0,62.8,72.8,69.2,67.9,61.3,93.2,Achievable target,93.1,Pass,True,,High,58.0
1st Year,76.3,86.6,69.6,61.0,77.2,76.5,57.7,92.7,Achievable target,87.4,Pass,True,,High,61.6
4th Year,69.6,71.6,70.0,99.6,50.0,84.3,85.5,65.9,Achievable target,75.9,Pass,True,,Low,78.9
2nd Year,68.9,73.4,64.3,83.9,82.9,72.3,63.5,86.7,Achievable target,88.9,Pass,True,,High,55.0
3rd Year,72.8,70.2,72.1,72.2,72.5,88.6,85.6,65.9,Achievable target,74.2,Fail,True,,Low,78.2
4th Year,71.2,76.4,82.2,59.0,61.1,77.7,76.2,76.3,Achievable target,88.7,Pass,True,,Medium,69.1
2nd Year,52.9,83.5,76.3,79.3,56.7,66.1,74.3,78.3,Achievable target,77.6,Pass,True,,High,72.0
3rd Year,94.3,66.3,75.4,83.4,61.9,77.0,68.1,81.3,Achievable target,75.1,Pass,True,,Medium,76.2
2nd Year,67.0,75.5,100.0,76.9,92.2,85.9,77.6,68.7,Achievable target,77.6,Pass,True,,Low,83.5
3rd Year,87.5,77.7,61.8,85.8,55.9,88.9,70.9,79.7,Achievable target,79.4,Pass,True,,High,49.5
3rd Year,92.1,75.7,50.0,69.4,81.1,80.6,67.5,83.2,Achievable target,89.7,Pass,True,,High,54.5
1st Year,70.6,81.8,63.5,58.1,72.6,68.8,77.9,74.9,Achievable target,66.5,Fail,True,,Medium,78.4
2nd Year,73.8,69.3,87.8,63.5,77.1,66.3,69.7,80.6,Achievable target,83.1,Pass,True,,High,52.5
2nd Year,74.2,55.2,58.0,73.5,96.6,74.4,63.3,88.4,Achievable target,100.0,Pass,True,,High,68.6
1st Year,80.2,53.2,50.0,82.0,72.3,85.6,77.0,76.7,Achievable target,87.8,Pass,True,,Medium,61.4
1st Year,86.8,63.1,77.5,83.3,68.2,72.9,70.5,79.1,Achievable target,76.2,Pass,True,,High,54.7
2nd Year,68.4,73.7,79.7,73.2,84.8,73.1,75.9,73.6,Achievable target,66.9,Fail,True,,Low,92.7
1st Year,68.0,57.9,96.5,66.3,66.7,69.0,66.7,85.3,Achievable target,90.5,Pass,True,,High,40.9
1st Year,72.6,74.2,68.9,73.2,72.9,65.2,59.3,92.0,Achievable target,100.0,Pass,True,,High,66.5
3rd Year,75.4,50.0,95.4,71.7,80.2,66.8,88.1,62.1,Achievable target,71.2,Fail,True,,Low,75.0
3rd Year,57.3,67.9,65.5,90.6,66.5,69.9,86.3,66.4,Achievable target,66.3,Fail,True,,Medium,70.4
3rd Year,82.3,65.8,68.1,70.5,88.4,86.0,79.8,70.2,Achievable target,78.2,Pass,True,,Low,83.1
2nd Year,51.3,58.0,50.6,60.7,63.9,66.1,67.3,91.7,Achievable target,100.0,Pass,True,,High,63.6
4th Year,54.5,64.8,50.0,61.5,87.4,69.0,68.2,87.5,Achievable target,94.6,Pass,True,,Medium,58.0
3rd Year,78.1,75.6,61.7,55.4,60.1,59.7,84.6,69.8,Achievable target,58.5,Fail,True,,Medium,58.0
1st Year,72.9,83.6,84.0,80.8,64.8,75.8,67.6,81.3,Achievable target,88.3,Pass,True,,High,52.5
1st Year,73.7,69.6,71.0,97.2,52.8,82.4,64.9,86.2,Achievable target,100.0,Pass,True,,High,57.3
3rd Year,70.7,87.6,56.2,65.9,67.2,85.1,89.4,63.3,Achievable target,55.4,Fail,True,,Medium,64.7
1st Year,70.8,54.7,80.4,81.2,79.3,70.6,70.6,80.3,Achievable target,85.6,Pass,True,,High,55.2
2nd Year,63.2,74.4,62.9,69.5,98.6,74.4,88.4,62.2,Achievable target,64.9,Fail,True,,Medium,62.7
4th Year,74.5,59.5,75.5,57.6,59.4,66.9,57.4,97.4,Achievable target,100.0,Pass,True,,High,53.8
1st Year,61.2,68.2,84.4,80.2,79.5,73.9,76.2,73.9,Achievable target,80.8,Pass,True,,Low,79.8
1st Year,60.5,67.1,76.6,66.0,70.1,71.7,91.4,62.1,Achievable target,78.5,Pass,True,,Medium,72.7
4th Year,78.6,69.3,76.0,92.0,71.4,69.1,71.4,77.4,Achievable target,83.2,Pass,True,,High,61.7
3rd Year,87.2,79.9,56.2,60.5,63.6,69.9,68.5,84.3,Achievable target,100.0,Pass,True,,High,68.5
1st Year,63.4,72.3,80.6,88.1,77.0,73.1,59.7,89.7,Achievable target,93.5,Pass,True,,High,51.7
4th Year,68.2,50.0,74.2,73.7,75.5,65.5,81.7,71.6,Achievable target,73.1,Fail,True,,High,54.5
4th Year,98.0,87.9,82.6,62.1,67.4,66.0,63.6,84.1,Achievable target,82.4,Pass,True,,High,57.4
2nd Year,72.3,64.3,79.3,77.6,60.7,85.9,70.2,81.9,Achievable target,68.7,Fail,True,,High,54.6
3rd Year,87.4,74.6,53.2,72.8,76.7,95.0,59.0,92.0,Achievable target,99.8,Pass,True,,High,56.6
1st Year,84.8,69.5,83.1,75.6,58.0,56.2,86.4,64.0,Achievable target,89.5,Pass,True,,Low,76.2
1st Year,56.8,86.5,87.4,77.2,90.9,55.7,82.4,65.2,Achievable target,74.8,Fail,True,,Medium,73.6
3rd Year,85.8,81.4,62.7,93.7,79.7,58.7,70.8,76.4,Achievable target,88.3,Pass,True,,Medium,64.6
2nd Year,68.9,65.6,76.4,53.8,81.6,67.4,59.8,93.1,Achievable target,94.0,Pass,True,,High,49.3
3rd Year,62.2,77.7,67.3,70.3,64.5,77.6,86.2,67.1,Achievable target,69.7,Fail,True,,Medium,59.9
4th Year,71.5,95.5,89.6,77.5,73.1,74.5,67.5,79.3,Achievable target,94.1,Pass,True,,High,66.3
1st Year,83.3,86.6,63.7,72.5,52.1,70.3,60.3,91.4,Achievable target,100.0,Pass,True,,High,55.9
3rd Year,86.5,97.6,74.3,50.0,80.5,73.9,53.8,94.8,Achievable target,100.0,Pass,True,,High,66.2
1st Year,62.8,65.6,80.7,76.4,67.7,61.4,64.8,87.4,Achievable target,100.0,Pass,True,,High,59.2
4th Year,65.8,74.9,68.6,60.4,69.5,66.0,56.8,96.8,Achievable target,100.0,Pass,True,,High,43.4
1st Year,77.4,71.3,56.9,85.0,50.0,68.3,65.0,88.4,Achievable target,95.5,Pass,True,,High,48.3
3rd Year,68.2,66.1,75.1,80.0,86.6,52.3,78.4,71.5,Achievable target,69.0,Fail,True,,High,63.1
2nd Year,65.1,80.3,75.7,53.4,95.6,56.7,67.4,83.1,Achievable target,73.6,Fail,True,,High,50.9
2nd Year,56.6,78.3,78.0,76.6,67.6,57.1,74.6,77.2,Achievable target,70.9,Fail,True,,High,48.3
3rd Year,83.1,55.1,72.6,66.8,65.5,76.3,64.0,89.2,Achievable target,94.7,Pass,True,,High,55.6
3rd Year,78.4,86.0,69.4,82.5,74.0,71.0,71.7,76.8,Achievable target,78.9,Pass,True,,Low,83.1
3rd Year,63.0,70.4,69.9,65.2,78.4,74.7,89.9,62.9,Achievable target,53.2,Fail,True,,Medium,63.9
3rd Year,76.1,54.8,54.1,78.4,63.9,50.0,67.7,87.1,Achievable target,91.7,Pass,True,,High,54.4
4th Year,76.9,82.5,58.5,56.9,93.0,53.4,74.9,75.8,Achievable target,77.6,Pass,True,,High,53.2
2nd Year,77.5,68.5,62.5,67.4,59.5,75.3,55.8,98.2,Achievable target,91.5,Pass,True,,High,40.0
2nd Year,83.7,64.3,86.2,68.7,61.2,50.0,86.0,65.1,Achievable target,66.4,Fail,True,,Medium,74.5
1st Year,68.4,50.0,72.0,71.4,83.0,81.0,66.4,86.6,Achievable target,88.4,Pass,True,,High,50.5
3rd Year,51.3,87.0,83.0,88.0,72.8,50.0,81.4,67.9,Achievable target,66.7,Fail,True,,Medium,80.1
2nd Year,85.3,56.2,81.7,64.4,54.1,77.1,69.9,83.4,Achievable target,97.7,Pass,True,,High,47.8
2nd Year,60.2,73.5,63.8,77.8,52.2,59.4,77.1,77.6,Achievable target,63.6,Fail,True,,Medium,59.9
1st Year,50.0,89.5,84.0,61.1,73.4,79.2,77.7,74.0,Achievable target,59.1,Fail,True,,Low,89.9
4th Year,85.3,78.3,75.1,86.2,64.9,95.0,66.7,81.8,Achievable target,86.8,Pass,True,,High,44.3
2nd Year,73.8,73.2,70.2,68.8,74.3,50.0,81.8,69.7,Achievable target,75.7,Pass,True,,Medium,66.5
3rd Year,73.8,61.1,82.8,62.0,70.8,75.6,63.7,88.8,Achievable target,97.8,Pass,True,,High,61.8
1st Year,69.9,77.6,50.0,83.8,65.5,50.1,78.7,74.1,Achievable target,73.7,Fail,True,,Low,82.4
4th Year,87.7,67.8,72.8,95.8,70.2,72.9,67.3,80.8,Achievable target,76.6,Pass,True,,High,43.8
1st Year,87.9,73.9,78.3,74.2,83.3,66.4,74.5,73.2,Achievable target,78.1,Pass,True,,High,58.5
1st Year,65.4,61.9,65.9,74.6,70.8,69.8,66.6,87.0,Achievable target,87.6,Pass,True,,High,55.4
4th Year,81.7,88.7,62.0,64.8,56.6,59.2,71.6,80.5,Achievable target,100.0,Pass,True,,Low,90.4
4th Year,97.2,77.0,79.0,57.7,73.4,76.5,60.6,88.5,Achievable target,90.3,Pass,True,,Low,86.9
1st Year,79.4,70.4,86.0,100.0,62.3,53.7,73.5,74.2,Achievable target,78.7,Pass,True,,Low,96.0
2nd Year,61.4,63.1,92.2,85.6,71.8,81.2,71.5,78.6,Achievable target,100.0,Pass,True,,High,43.8
