student_id,first_name,last_name,age,gender,grade_level,attendance_rate,math_score,science_score,english_score,average_score,assignments_completed,behavior_incidents,previous_failures,study_hours_per_week,extracurricular,notify_parents
S0001,Owen,Morgan,16,Male,10,69.2,79,75,66,73.33,78.8,4,0,16.3,No,Yes
S0002,Aaron,Gutierrez,17,Male,11,84.1,62,91,64,72.33,64.3,1,0,14.2,No,No
S0003,Zoey,Taylor,15,Female,9,81.5,96,71,65,77.33,79.0,0,1,17.7,Yes,No
S0004,Eleanor,Perez,15,Female,9,96.3,83,70,85,79.33,89.6,2,1,17.7,No,No
S0005,Samuel,Hill,12,Male,6,63.6,73,99,71,81.0,70.1,4,0,5.8,No,Yes
S0006,Levi,Cooper,14,Male,8,82.7,57,97,71,75.0,78.8,6,0,10.9,No,No
S0007,Evelyn,Smith,14,Female,8,79.9,74,54,70,66.0,94.0,1,0,2.1,Yes,Yes
S0008,John,Roberts,18,Male,12,83.9,71,100,69,80.0,91.4,1,0,8.0,Yes,No
S0009,Noah,Kelly,18,Male,12,63.9,83,96,41,73.33,58.9,3,0,5.3,No,Yes
S0010,Aria,Murphy,13,Female,7,91.7,90,57,92,79.67,69.2,5,0,13.7,Yes,Yes
S0011,Theodore,Flores,16,Male,10,85.3,82,75,48,68.33,61.6,3,0,6.3,No,Yes
S0012,Sophia,Johnson,15,Female,9,93.8,43,46,55,48.0,73.9,4,4,17.6,No,Yes
S0013,Chloe,Adams,18,Female,12,82.2,84,61,58,67.67,86.7,0,4,3.2,Yes,Yes
S0014,Noah,Jackson,16,Male,10,77.8,64,64,55,61.0,97.7,1,0,0.3,No,Yes
S0015,Sofia,Hall,13,Female,7,85.1,72,92,56,73.33,62.4,1,2,14.1,No,Yes
S0016,Lincoln,Flores,14,Male,8,90.1,91,70,97,86.0,93.1,0,2,12.8,Yes,No
S0017,Grace,Kelly,17,Female,11,91.8,74,53,94,73.67,85.9,1,0,10.2,Yes,No
S0018,Eli,Turner,14,Male,8,75.7,52,50,97,66.33,80.1,3,1,8.5,Yes,Yes
S0019,Elijah,Hall,16,Male,10,89.0,85,81,89,85.0,88.8,0,1,7.6,No,No
S0020,John,Cook,15,Male,9,60.5,69,98,77,81.33,65.9,3,0,18.0,No,Yes
S0021,Victoria,Clark,13,Female,7,83.1,90,62,66,72.67,93.2,2,0,5.3,No,No
S0022,Evelyn,Kelly,17,Female,11,90.0,57,58,76,63.67,96.6,2,3,16.9,Yes,Yes
S0023,Luna,Campbell,12,Female,6,99.2,56,48,61,55.0,68.3,0,3,6.5,Yes,Yes
S0024,Lillian,Flores,16,Female,10,79.1,40,46,49,45.0,77.5,0,1,11.2,Yes,Yes
S0025,David,Edwards,12,Male,6,81.4,78,70,56,68.0,87.2,0,1,7.4,No,No
S0026,Mila,Ward,12,Female,6,82.0,72,83,74,76.33,85.9,2,0,3.6,Yes,No
S0027,Addison,Peterson,18,Female,12,77.4,69,55,53,59.0,90.7,4,1,17.1,No,Yes
S0028,Aubrey,Chavez,17,Female,11,82.0,86,49,48,61.0,84.3,2,1,2.6,Yes,No
S0029,Adrian,Miller,18,Male,12,71.3,74,41,59,58.0,71.8,2,1,16.3,No,Yes
S0030,Skylar,Brown,13,Female,7,94.3,52,93,93,79.33,84.6,1,3,12.6,No,No
S0031,Mia,Young,17,Female,11,81.3,84,50,47,60.33,83.1,4,2,16.8,No,Yes
S0032,Mason,Perez,16,Male,10,81.2,43,99,84,75.33,89.8,1,1,2.0,No,No
S0033,Ava,Anderson,16,Female,10,69.7,91,81,91,87.67,82.1,4,0,19.3,No,Yes
S0034,Carter,Cook,13,Male,7,73.1,72,95,94,87.0,84.2,0,1,10.0,Yes,No
S0035,Bella,Jones,16,Female,10,89.3,57,89,67,71.0,91.0,0,1,11.1,No,No
S0036,Amelia,Hernandez,18,Female,12,77.6,45,56,50,50.33,85.5,3,2,3.8,No,Yes
S0037,Samuel,Taylor,13,Male,7,98.9,42,70,99,70.33,66.0,3,1,4.6,No,Yes
S0038,Mia,Scott,12,Female,6,82.2,51,50,55,52.0,61.6,3,4,11.3,Yes,Yes
S0039,Audrey,White,17,Female,11,86.7,92,64,45,67.0,77.9,3,0,4.9,No,Yes
S0040,Carter,Reed,12,Male,6,84.4,70,88,100,86.0,70.0,3,0,2.4,Yes,No
S0041,Nora,Martinez,18,Female,12,71.0,93,59,56,69.33,79.8,0,0,13.8,No,Yes
S0042,Mason,King,15,Male,9,72.9,75,59,98,77.33,74.3,2,0,8.6,Yes,No
S0043,Chloe,Ortiz,17,Female,11,92.1,61,75,59,65.0,67.6,1,0,19.8,No,Yes
S0044,James,Edwards,16,Male,10,62.5,91,55,75,73.67,73.1,0,4,3.1,Yes,Yes
S0045,Olivia,Kelly,12,Female,6,85.5,96,80,46,74.0,93.4,1,2,17.5,No,No
S0046,Zoe,Ramirez,12,Female,6,73.9,98,46,98,80.67,92.2,2,1,14.9,Yes,No
S0047,Emily,Collins,17,Female,11,69.9,62,100,50,70.67,72.1,0,0,12.3,No,No
S0048,Nolan,Brooks,16,Male,10,94.8,73,69,58,66.67,85.7,5,0,5.3,Yes,Yes
S0049,James,Robinson,16,Male,10,77.0,47,82,61,63.33,79.3,0,1,11.7,No,Yes
S0050,Emma,Roberts,15,Female,9,88.7,41,95,85,73.67,81.0,2,0,14.2,No,No
S0051,Aaron,Chavez,16,Male,10,88.7,66,54,47,55.67,94.2,1,2,8.2,No,Yes
S0052,Elizabeth,Miller,15,Female,9,76.0,44,69,76,63.0,73.6,0,0,19.3,No,Yes
S0053,Daniel,Rivera,13,Male,7,88.0,65,44,94,67.67,90.7,1,1,9.3,No,No
S0054,Sebastian,White,13,Male,7,86.6,70,63,52,61.67,77.0,2,0,5.5,Yes,No
S0055,Evelyn,Hill,15,Female,9,86.5,83,92,66,80.33,73.3,3,1,18.7,Yes,No
S0056,Owen,Robinson,12,Male,6,90.8,93,66,83,80.67,85.8,3,0,7.3,No,No
S0057,Penelope,Reed,18,Female,12,71.8,67,69,99,78.33,96.6,2,0,2.4,Yes,No
S0058,Grayson,Allen,17,Male,11,78.2,47,42,87,58.67,82.7,1,1,4.0,No,Yes
S0059,Grace,Young,16,Female,10,74.2,56,89,60,68.33,80.4,6,0,15.5,No,Yes
S0060,Lily,Morales,12,Female,6,87.4,84,45,80,69.67,54.2,2,1,8.4,Yes,Yes
S0061,Amelia,Davis,16,Female,10,85.2,79,83,57,73.0,60.9,2,0,15.1,Yes,No
S0062,Ethan,Davis,12,Male,6,97.1,68,89,43,66.67,85.5,1,0,10.6,Yes,No
S0063,Brooklyn,Parker,18,Female,12,74.8,45,40,51,45.33,67.5,0,0,2.0,No,Yes
S0064,Christopher,Scott,12,Male,6,74.5,85,45,90,73.33,58.5,4,1,3.4,Yes,Yes
S0065,Matthew,Gutierrez,12,Male,6,84.1,66,47,63,58.67,69.0,3,0,8.1,No,Yes
S0066,Sofia,Kelly,14,Female,8,86.8,90,93,73,85.33,76.9,2,2,17.9,Yes,No
S0067,Sofia,Allen,18,Female,12,69.0,82,94,79,85.0,86.1,0,3,13.8,Yes,Yes
S0068,Ava,Evans,12,Female,6,88.8,82,75,68,75.0,89.8,1,1,17.8,No,No
S0069,Ryan,Cook,16,Male,10,98.7,46,84,94,74.67,90.9,3,4,13.8,No,Yes
S0070,Mila,Nguyen,13,Female,7,77.6,60,42,44,48.67,77.3,3,1,19.3,No,Yes
S0071,Ryan,Martin,13,Male,7,92.9,44,66,61,57.0,65.6,1,0,12.5,Yes,Yes
S0072,Elijah,Carter,12,Male,6,87.3,85,47,45,59.0,71.3,1,0,10.6,Yes,No
S0073,Claire,Martinez,18,Female,12,68.9,48,51,51,50.0,80.8,4,0,14.3,No,Yes
S0074,Abigail,Green,18,Female,12,87.0,48,88,68,68.0,93.3,2,0,12.7,No,No
S0075,Ava,Flores,18,Female,12,75.8,63,61,41,55.0,78.0,1,2,13.5,Yes,Yes
S0076,Aubrey,Rogers,15,Female,9,81.9,78,59,91,76.0,87.6,2,3,9.5,No,No
S0077,Luna,Anderson,15,Female,9,86.6,42,82,100,74.67,95.0,2,0,18.2,No,No
S0078,Logan,Smith,12,Male,6,78.5,41,41,51,44.33,85.4,2,0,10.0,Yes,Yes
S0079,Adrian,Evans,17,Male,11,93.2,64,57,53,58.0,73.6,3,0,19.1,No,Yes
S0080,Nora,Brooks,17,Female,11,85.3,74,98,77,83.0,89.5,3,0,17.6,No,No
S0081,Henry,Bailey,13,Male,7,80.6,89,79,63,77.0,70.9,1,0,13.9,Yes,No
S0082,Victoria,White,15,Female,9,86.8,44,44,58,48.67,84.2,2,3,0.6,No,Yes
S0083,Amelia,Green,16,Female,10,65.1,42,56,88,62.0,70.8,2,2,18.6,No,Yes
S0084,James,Wilson,12,Male,6,81.8,63,46,62,57.0,79.3,0,0,12.6,Yes,No
S0085,Lincoln,Morgan,16,Male,10,92.7,55,96,44,65.0,86.4,2,2,1.9,No,Yes
S0086,Evelyn,Hill,15,Female,9,79.0,57,78,72,69.0,67.9,5,4,8.7,No,Yes
S0087,Joseph,Brown,17,Male,11,83.9,41,66,77,61.33,79.6,3,0,12.2,Yes,Yes
S0088,Ella,Brown,15,Female,9,82.2,90,75,73,79.33,74.6,0,0,19.7,No,No
S0089,Grayson,Chavez,17,Male,11,92.2,92,77,83,84.0,92.3,3,0,8.8,Yes,No
S0090,Evelyn,Flores,17,Female,11,90.6,97,99,40,78.67,70.3,1,0,1.3,No,No
S0091,Addison,Cooper,15,Female,9,80.5,82,47,71,66.67,82.2,0,1,13.3,No,No
S0092,Isabella,Kelly,16,Female,10,93.3,51,56,89,65.33,92.2,2,2,2.8,Yes,Yes
S0093,Levi,Sanchez,18,Male,12,64.3,42,60,73,58.33,64.0,4,0,19.5,No,Yes
S0094,Theodore,Young,17,Male,11,94.5,70,95,98,87.67,81.1,1,0,9.6,No,No
S0095,Sophia,Baker,15,Female,9,87.9,63,48,100,70.33,91.9,0,2,11.4,No,No
S0096,Emily,Peterson,13,Female,7,66.2,59,93,53,68.33,62.4,0,1,17.4,No,Yes
S0097,Owen,Reed,15,Male,9,81.9,63,84,100,82.33,63.0,3,2,14.3,Yes,Yes
S0098,Leah,Mitchell,16,Female,10,68.5,51,70,91,70.67,71.1,3,0,1.9,Yes,Yes
S0099,Liam,Jones,15,Male,9,76.8,61,68,89,72.67,71.0,1,1,3.4,Yes,No
S0100,Mila,Smith,18,Female,12,78.3,79,48,49,58.67,92.4,3,0,7.0,No,Yes
S0101,Leah,Lewis,17,Female,11,67.2,45,69,42,52.0,87.6,3,0,0.1,No,Yes
S0102,Isabella,Rivera,17,Female,11,77.0,89,87,95,90.33,92.7,3,1,13.8,No,Yes
S0103,Eli,Cook,13,Male,7,82.6,48,66,57,57.0,87.0,3,0,3.1,Yes,Yes
S0104,Savannah,Lee,13,Female,7,93.6,61,70,65,65.33,73.4,4,1,10.8,Yes,Yes
S0105,Sebastian,Richardson,16,Male,10,87.9,46,54,100,66.67,91.7,1,4,6.1,No,Yes
S0106,Zoe,Morris,16,Female,10,75.1,47,69,87,67.67,93.9,1,0,8.7,Yes,Yes
S0107,Madison,Hill,17,Female,11,76.8,52,69,58,59.67,87.3,4,3,2.4,Yes,Yes
S0108,Mason,Cook,16,Male,10,82.4,97,80,59,78.67,90.6,2,0,19.0,Yes,No
S0109,Isaac,King,15,Male,9,77.3,100,71,83,84.67,77.2,2,1,16.7,Yes,No
S0110,Aiden,Davis,17,Male,11,89.1,82,67,65,71.33,97.2,5,1,2.0,No,No
S0111,Theodore,Watson,13,Male,7,88.8,98,92,69,86.33,87.2,6,3,11.0,Yes,Yes
S0112,Ellie,Harris,15,Female,9,66.2,59,53,78,63.33,93.4,0,0,7.0,Yes,Yes
S0113,Eleanor,Miller,16,Female,10,89.7,55,70,61,62.0,60.0,3,0,7.8,Yes,Yes
S0114,Stella,Ramirez,12,Female,6,97.7,72,86,71,76.33,73.0,1,0,6.4,Yes,No
S0115,Ryan,Mitchell,12,Male,6,90.1,91,68,49,69.33,85.0,4,0,2.3,Yes,Yes
S0116,Emily,Green,15,Female,9,96.6,51,95,84,76.67,87.5,4,0,19.5,Yes,No
S0117,Theodore,Walker,12,Male,6,83.7,100,74,85,86.33,86.7,2,1,5.3,No,No
S0118,Matthew,Stewart,15,Male,9,91.6,97,67,47,70.33,74.0,1,0,13.4,Yes,No
S0119,Joseph,Cruz,14,Male,8,75.3,45,52,82,59.67,89.1,2,2,19.4,Yes,Yes
S0120,Gabriel,Thomas,15,Male,9,88.9,42,43,50,45.0,90.4,1,0,18.8,No,No
S0121,Mason,Johnson,18,Male,12,66.2,68,87,88,81.0,86.3,0,0,0.7,No,No
S0122,Lily,Ramirez,12,Female,6,96.4,83,46,90,73.0,89.9,3,0,1.1,Yes,No
S0123,Olivia,Wood,16,Female,10,61.2,54,80,77,70.33,60.9,4,1,11.8,Yes,Yes
S0124,Samuel,Brown,18,Male,12,97.7,54,61,96,70.33,72.1,0,0,4.0,Yes,No
S0125,Chloe,Green,12,Female,6,81.3,61,54,54,56.33,93.4,0,0,18.9,Yes,No
S0126,John,Young,15,Male,9,94.7,48,97,70,71.67,84.4,5,0,7.5,Yes,No
S0127,Matthew,Taylor,13,Male,7,78.1,67,57,86,70.0,88.9,3,0,19.3,Yes,Yes
S0128,David,Brooks,17,Male,11,82.8,71,76,77,74.67,74.8,0,1,19.9,No,No
S0129,Victoria,Gomez,17,Female,11,97.9,63,57,76,65.33,78.6,2,0,6.0,Yes,No
S0130,Wyatt,Cox,15,Male,9,93.1,57,86,42,61.67,90.2,3,1,12.4,Yes,Yes
S0131,Luke,Wright,14,Male,8,78.0,72,61,86,73.0,74.0,2,0,6.6,Yes,No
S0132,Isabella,Allen,13,Female,7,80.5,62,52,73,62.33,87.8,1,2,16.4,No,Yes
S0133,Penelope,Garcia,18,Female,12,91.5,95,84,42,73.67,92.4,5,0,2.4,No,No
S0134,Addison,Phillips,14,Female,8,77.4,61,99,52,70.67,81.7,1,0,2.8,No,No
S0135,Evelyn,Anderson,15,Female,9,96.8,97,53,84,78.0,75.5,2,0,19.5,No,No
S0136,Noah,Gomez,14,Male,8,93.1,66,57,80,67.67,61.7,2,1,18.3,No,Yes
S0137,Isaac,Wilson,13,Male,7,86.0,64,91,74,76.33,69.2,2,0,18.8,No,No
S0138,Lillian,Roberts,13,Female,7,92.3,86,45,48,59.67,69.5,1,0,16.3,Yes,Yes
S0139,Isaac,Rivera,18,Male,12,86.5,81,76,51,69.33,86.2,1,4,7.7,No,Yes
S0140,Lucy,Cooper,18,Female,12,84.6,84,86,84,84.67,74.9,0,0,6.4,No,No
S0141,James,Green,13,Male,7,85.0,80,40,44,54.67,94.6,1,2,13.5,No,Yes
S0142,Isabella,Clark,18,Female,12,72.2,75,56,45,58.67,84.7,1,1,1.8,Yes,Yes
S0143,Camila,Cruz,14,Female,8,86.9,74,59,99,77.33,81.6,5,4,4.0,Yes,Yes
S0144,Theodore,Parker,13,Male,7,74.4,57,43,85,61.67,71.0,6,1,5.5,Yes,Yes
S0145,Skylar,Murphy,14,Female,8,95.5,96,71,43,70.0,85.5,0,0,2.9,Yes,No
S0146,Ella,Sanchez,16,Female,10,90.7,80,73,66,73.0,79.7,1,0,16.3,Yes,No
S0147,Joshua,Martin,12,Male,6,62.5,78,43,94,71.67,84.9,2,1,11.0,Yes,No
S0148,Joseph,Clark,13,Male,7,81.2,62,79,50,63.67,83.1,0,0,3.5,Yes,No
S0149,Lucas,Gutierrez,15,Male,9,78.0,89,63,46,66.0,84.6,3,0,10.0,Yes,Yes
S0150,Victoria,Nguyen,16,Female,10,76.6,81,50,52,61.0,78.6,1,2,3.4,Yes,Yes
S0151,Violet,Hernandez,13,Female,7,78.4,57,60,90,69.0,72.5,2,1,18.0,Yes,Yes
S0152,Eleanor,Nelson,18,Female,12,81.3,82,53,41,58.67,69.0,3,1,6.5,No,Yes
S0153,Natalie,Garcia,18,Female,12,90.1,55,78,77,70.0,90.3,2,0,7.5,Yes,No
S0154,Sofia,Diaz,12,Female,6,72.1,45,70,93,69.33,77.3,0,0,9.9,No,Yes
S0155,Mason,Turner,18,Male,12,78.6,99,88,91,92.67,78.7,0,0,6.5,No,No
S0156,Jaxon,Martinez,15,Male,9,87.6,65,79,96,80.0,66.9,1,2,3.1,Yes,Yes
S0157,Daniel,Kim,17,Male,11,95.6,80,62,94,78.67,64.0,3,1,12.7,No,Yes
S0158,Gabriel,Parker,17,Male,11,77.9,76,56,47,59.67,83.4,3,0,11.2,Yes,Yes
S0159,Nolan,Walker,16,Male,10,83.2,74,81,99,84.67,86.0,0,1,4.9,No,No
S0160,Amelia,Ortiz,13,Female,7,91.9,47,41,44,44.0,96.5,3,1,8.5,No,Yes
S0161,Owen,Carter,18,Male,12,94.3,66,90,96,84.0,82.4,0,1,2.0,Yes,No
S0162,Savannah,Nelson,15,Female,9,82.5,99,90,74,87.67,87.9,2,1,13.5,No,No
S0163,Stella,Moore,14,Female,8,86.1,51,56,89,65.33,91.0,0,1,5.0,No,No
S0164,Wyatt,Peterson,18,Male,12,80.7,71,82,71,74.67,64.6,0,0,7.3,No,No
S0165,Grace,Edwards,13,Female,7,59.8,52,68,56,58.67,72.1,1,0,17.2,Yes,Yes
S0166,Aubrey,Lee,16,Female,10,87.0,98,86,75,86.33,78.9,2,0,13.1,Yes,No
S0167,Jackson,Chavez,13,Male,7,86.3,60,59,70,63.0,86.5,0,1,9.5,Yes,No
S0168,Sophia,Brown,18,Female,12,88.0,47,90,61,66.0,87.8,1,1,7.0,No,No
S0169,Dylan,Kelly,15,Male,9,89.1,45,40,63,49.33,90.2,0,0,12.1,Yes,No
S0170,Julian,Wood,15,Male,9,85.9,93,62,68,74.33,78.8,3,0,15.2,No,No
S0171,Carter,Miller,17,Male,11,87.8,59,46,62,55.67,80.2,1,4,15.8,Yes,Yes
S0172,Aiden,Nelson,12,Male,6,81.1,58,96,43,65.67,89.6,4,3,6.3,Yes,Yes
S0173,Julian,Wilson,14,Male,8,78.5,76,90,86,84.0,79.7,3,1,1.1,Yes,Yes
S0174,Scarlett,Howard,17,Female,11,92.2,80,91,68,79.67,87.4,3,0,4.9,Yes,No
S0175,Madison,Thomas,14,Female,8,94.6,78,64,56,66.0,84.9,1,1,9.4,Yes,No
S0176,Lily,Bailey,14,Female,8,93.8,78,96,62,78.67,59.2,1,1,4.8,Yes,No
S0177,Luna,King,14,Female,8,62.7,51,88,48,62.33,69.6,3,1,5.9,Yes,Yes
S0178,Aaron,Roberts,15,Male,9,85.8,95,71,95,87.0,49.3,2,0,8.8,No,No
S0179,Aria,Gomez,17,Female,11,96.7,77,70,64,70.33,94.0,4,1,4.1,No,No
S0180,Mason,Martin,13,Male,7,84.7,63,81,86,76.67,96.3,1,0,16.4,No,No
S0181,Noah,Lewis,12,Male,6,79.3,68,92,58,72.67,79.6,5,0,1.4,No,Yes
S0182,Ethan,Lewis,14,Male,8,67.0,67,73,72,70.67,80.4,2,1,8.6,Yes,No
S0183,Riley,Watson,12,Female,6,91.3,49,97,58,68.0,64.3,1,0,2.6,No,Yes
S0184,Abigail,Peterson,12,Female,6,98.0,88,78,82,82.67,84.0,2,1,0.9,Yes,No
S0185,Grayson,Hill,12,Male,6,94.8,62,64,72,66.0,87.5,0,0,17.6,Yes,No
S0186,Claire,Roberts,13,Female,7,85.7,47,46,63,52.0,80.1,3,3,9.5,No,Yes
S0187,Harper,Jones,15,Female,9,73.6,90,88,84,87.33,91.4,0,2,17.4,Yes,Yes
S0188,Jack,Roberts,17,Male,11,76.9,78,56,66,66.67,74.9,1,1,9.7,No,Yes
S0189,Lincoln,Cooper,14,Male,8,94.0,61,94,57,70.67,91.2,1,0,6.0,Yes,No
S0190,Jackson,Johnson,16,Male,10,80.0,48,54,44,48.67,83.1,0,1,10.8,No,No
S0191,Olivia,Sanchez,18,Female,12,82.8,88,77,51,72.0,82.7,3,0,19.5,Yes,No
S0192,Camila,Howard,15,Female,9,85.0,41,43,62,48.67,84.0,2,2,2.4,No,Yes
S0193,Ryan,Morales,14,Male,8,65.0,45,42,51,46.0,85.3,3,0,5.7,Yes,Yes
S0194,Olivia,Reed,12,Female,6,86.7,88,73,48,69.67,79.4,1,1,12.4,Yes,No
S0195,Violet,Evans,15,Female,9,91.7,90,83,99,90.67,86.3,2,1,10.3,No,No
S0196,Addison,Moore,12,Female,6,82.6,98,49,63,70.0,78.7,0,2,5.2,No,No
S0197,Skylar,Moore,14,Female,8,83.7,55,52,41,49.33,79.7,1,1,14.1,No,No
S0198,Lily,Watson,15,Female,9,78.8,53,86,62,67.0,57.7,1,1,11.4,No,Yes
S0199,Zoe,Wilson,14,Female,8,79.2,85,90,48,74.33,92.3,3,2,4.7,Yes,Yes
S0200,Samuel,Jones,14,Male,8,80.3,47,81,98,75.33,93.0,0,1,9.5,No,No
S0201,Hannah,Morgan,15,Female,9,91.5,50,78,86,71.33,95.0,0,2,7.3,Yes,No
S0202,Violet,Ward,13,Female,7,87.8,62,77,44,61.0,79.4,0,1,10.2,No,No
S0203,Abigail,Watson,16,Female,10,72.5,41,97,86,74.67,69.5,4,0,16.9,No,Yes
S0204,Chloe,Mitchell,16,Female,10,73.7,91,95,61,82.33,75.7,2,3,14.6,No,Yes
S0205,Mason,Allen,12,Male,6,76.2,67,45,49,53.67,62.8,2,1,14.5,Yes,Yes
S0206,Jaxon,Cruz,16,Male,10,94.6,42,89,45,58.67,73.7,2,1,2.7,No,No
S0207,Camila,Garcia,17,Female,11,73.0,89,53,55,65.67,60.5,0,3,6.5,No,Yes
S0208,Nolan,Allen,17,Male,11,77.8,56,83,49,62.67,88.1,2,2,0.8,No,Yes
S0209,Nathan,Jones,17,Male,11,76.5,73,64,40,59.0,93.1,1,0,4.4,No,Yes
S0210,Ava,Murphy,17,Female,11,94.6,98,57,72,75.67,72.4,1,0,5.2,No,No
S0211,John,Morris,13,Male,7,82.3,53,90,57,66.67,79.7,0,0,4.1,No,No
S0212,Abigail,King,15,Female,9,65.9,81,95,46,74.0,98.0,0,0,17.0,No,No
S0213,Luke,Martinez,12,Male,6,79.0,49,49,65,54.33,84.7,3,0,7.4,No,Yes
S0214,Luke,Gomez,16,Male,10,90.7,100,46,83,76.33,65.4,0,0,19.9,Yes,No
S0215,Grace,Richardson,17,Female,11,85.0,68,40,57,55.0,66.4,4,0,14.1,No,Yes
S0216,Mila,Collins,16,Female,10,91.9,44,40,76,53.33,81.1,0,0,1.4,Yes,No
S0217,Stella,Morales,16,Female,10,91.3,68,56,85,69.67,80.5,4,2,5.3,Yes,Yes
S0218,Skylar,Allen,18,Female,12,77.1,55,93,57,68.33,97.5,3,1,7.5,Yes,Yes
S0219,Logan,King,15,Male,9,86.6,60,72,42,58.0,77.3,3,0,0.4,Yes,Yes
S0220,Adrian,Williams,18,Male,12,92.4,66,76,94,78.67,90.2,1,1,10.1,Yes,No
S0221,Eleanor,Taylor,15,Female,9,75.0,45,77,81,67.67,85.2,0,3,17.8,Yes,Yes
S0222,Zoe,Cook,15,Female,9,75.4,70,72,92,78.0,83.3,0,2,6.4,Yes,Yes
S0223,Harper,Peterson,17,Female,11,92.2,57,76,93,75.33,95.6,2,2,3.8,Yes,No
S0224,Olivia,Perez,13,Female,7,94.2,43,55,94,64.0,58.5,0,1,11.7,Yes,Yes
S0225,Mila,Torres,15,Female,9,67.0,70,43,44,52.33,87.8,2,1,17.7,Yes,Yes
S0226,Penelope,Davis,14,Female,8,90.5,54,47,42,47.67,90.5,0,0,18.3,Yes,No
S0227,Harper,Perez,18,Female,12,94.8,52,87,73,70.67,93.4,0,1,16.8,Yes,No
S0228,Camila,Williams,14,Female,8,71.5,52,66,97,71.67,79.6,0,1,8.9,Yes,No
S0229,Lillian,Moore,18,Female,12,91.3,54,76,47,59.0,88.0,1,1,1.0,Yes,No
S0230,Levi,Adams,13,Male,7,92.0,87,72,83,80.67,55.6,3,3,3.2,Yes,Yes
S0231,Mia,Turner,15,Female,9,82.6,61,86,42,63.0,96.8,2,0,15.6,Yes,No
S0232,Isaac,Adams,15,Male,9,85.8,59,51,83,64.33,69.2,0,2,7.6,No,Yes
S0233,Penelope,King,18,Female,12,88.1,77,98,86,87.0,86.8,1,0,0.5,Yes,No
S0234,Hazel,Miller,18,Female,12,58.1,68,94,59,73.67,97.2,1,0,12.3,Yes,No
S0235,Christian,Bailey,14,Male,8,82.5,59,96,50,68.33,86.3,3,1,11.9,No,Yes
S0236,Emily,Ramirez,18,Female,12,88.0,48,40,74,54.0,74.4,2,3,15.1,No,Yes
S0237,Abigail,Torres,17,Female,11,90.7,83,83,98,88.0,93.0,2,1,5.1,No,No
S0238,Riley,White,17,Female,11,84.7,92,46,53,63.67,75.1,3,1,5.3,No,Yes
S0239,John,Edwards,17,Male,11,80.3,87,98,49,78.0,77.5,2,0,5.2,No,No
S0240,Madison,Kelly,15,Female,9,71.7,49,60,62,57.0,62.1,1,0,1.2,Yes,Yes
S0241,Jack,Rivera,13,Male,7,86.3,83,88,57,76.0,88.6,2,0,16.7,Yes,No
S0242,Nathan,Kelly,17,Male,11,73.6,52,92,99,81.0,70.1,1,3,2.3,No,Yes
S0243,Skylar,Rogers,15,Female,9,82.9,63,61,83,69.0,68.7,1,3,1.3,No,Yes
S0244,Sophia,Martinez,16,Female,10,92.3,90,72,100,87.33,89.7,2,0,16.3,Yes,No
S0245,Ellie,Edwards,15,Female,9,77.3,54,70,65,63.0,96.7,1,2,13.9,Yes,Yes
S0246,Theodore,Harris,13,Male,7,96.3,90,67,44,67.0,74.5,1,0,1.8,Yes,No
S0247,Jackson,Jackson,18,Male,12,88.5,77,45,70,64.0,96.8,0,0,15.6,Yes,No
S0248,Emma,Campbell,15,Female,9,89.6,95,82,89,88.67,94.5,2,1,17.7,Yes,No
S0249,Christopher,Watson,16,Male,10,80.3,93,45,75,71.0,67.6,5,0,2.4,No,Yes
S0250,Skylar,Wilson,14,Female,8,87.3,79,77,63,73.0,71.2,1,1,4.9,No,No
S0251,Bella,Wood,18,Female,12,83.1,78,98,60,78.67,57.3,2,1,18.1,No,No
S0252,Avery,Cox,14,Female,8,90.5,48,69,78,65.0,80.1,1,1,6.9,Yes,No
S0253,Lucy,Nguyen,15,Female,9,81.5,41,53,75,56.33,76.1,1,1,13.5,Yes,No
S0254,Logan,Hernandez,12,Male,6,81.3,93,41,71,68.33,89.3,4,2,8.2,No,Yes
S0255,Ellie,Harris,16,Female,10,84.4,52,43,47,47.33,68.1,0,0,8.0,No,Yes
S0256,Isaac,Walker,15,Male,9,85.2,46,47,99,64.0,78.5,5,2,3.2,No,Yes
S0257,David,Thomas,14,Male,8,88.7,52,61,79,64.0,93.1,2,0,9.7,No,No
S0258,Cameron,Davis,18,Male,12,58.0,96,61,93,83.33,55.5,0,2,7.6,Yes,Yes
S0259,Elijah,Smith,13,Male,7,55.1,48,63,79,63.33,75.8,1,0,0.0,Yes,Yes
S0260,Hazel,Martinez,13,Female,7,81.0,40,64,42,48.67,68.1,1,1,14.2,Yes,Yes
S0261,Aaron,Rivera,15,Male,9,90.4,97,91,82,90.0,96.1,1,0,2.4,Yes,No
S0262,Caleb,Ward,15,Male,9,90.5,52,77,74,67.67,73.9,1,0,18.4,Yes,No
S0263,Matthew,Sanchez,17,Male,11,72.1,95,74,45,71.33,93.9,1,2,19.0,No,Yes
S0264,Grayson,Gutierrez,14,Male,8,92.1,89,68,41,66.0,92.6,2,0,16.6,No,No
S0265,Abigail,Taylor,12,Female,6,87.2,79,68,67,71.33,86.3,3,2,5.9,No,Yes
S0266,Ella,Turner,13,Female,7,71.7,40,85,65,63.33,74.4,3,0,10.2,Yes,Yes
S0267,Abigail,Phillips,13,Female,7,77.0,92,41,87,73.33,89.3,1,1,16.3,Yes,No
S0268,Victoria,Carter,13,Female,7,76.3,92,83,53,76.0,66.3,1,1,19.1,No,Yes
S0269,Lily,Robinson,18,Female,12,83.8,56,41,99,65.33,76.9,3,1,14.4,No,Yes
S0270,Joshua,Clark,18,Male,12,81.4,91,80,48,73.0,74.9,3,2,10.6,Yes,Yes
S0271,Aubrey,Diaz,16,Female,10,58.5,81,43,44,56.0,89.6,2,1,2.9,Yes,Yes
S0272,Grayson,Smith,13,Male,7,91.5,65,73,58,65.33,75.7,0,0,6.6,No,No
S0273,Chloe,Richardson,18,Female,12,81.4,42,68,51,53.67,81.0,2,1,15.1,No,No
S0274,Camila,Brooks,17,Female,11,84.8,63,89,70,74.0,90.8,2,1,10.0,No,No
S0275,Alexander,Adams,17,Male,11,92.3,62,68,74,68.0,98.2,1,1,3.2,No,No
S0276,Abigail,Walker,18,Female,12,75.3,83,100,56,79.67,81.0,1,0,6.0,Yes,No
S0277,Jaxon,Ramirez,14,Male,8,80.8,62,58,62,60.67,61.5,4,0,6.5,No,Yes
S0278,Natalie,Wilson,16,Female,10,86.5,51,58,78,62.33,66.3,2,2,0.8,Yes,Yes
S0279,Charlotte,Perez,13,Female,7,83.9,96,53,52,67.0,85.2,1,0,18.5,Yes,No
S0280,Leah,Young,18,Female,12,73.3,84,81,59,74.67,85.1,0,0,7.4,No,No
S0281,Ava,Campbell,14,Female,8,90.4,93,76,70,79.67,94.3,2,2,7.2,No,No
S0282,Alexander,Williams,16,Male,10,77.4,77,79,45,67.0,64.1,2,0,6.7,Yes,Yes
S0283,Dylan,Torres,17,Male,11,75.6,79,69,68,72.0,90.3,0,0,13.9,Yes,No
S0284,Samuel,Hall,17,Male,11,86.8,82,71,64,72.33,69.1,0,0,13.4,Yes,No
S0285,Camila,Ortiz,12,Female,6,94.1,55,40,67,54.0,66.3,2,1,5.5,No,Yes
S0286,Mila,Kelly,16,Female,10,73.1,78,59,59,65.33,96.9,0,2,4.7,No,Yes
S0287,Lily,Brown,12,Female,6,75.0,63,88,62,71.0,84.6,4,2,8.0,Yes,Yes
S0288,Matthew,Campbell,16,Male,10,89.7,91,97,82,90.0,62.4,2,0,12.8,Yes,No
S0289,Scarlett,Edwards,17,Female,11,85.8,68,82,67,72.33,94.6,3,0,11.7,Yes,No
S0290,Avery,Edwards,13,Female,7,79.4,73,45,41,53.0,91.2,3,1,7.9,Yes,Yes
S0291,Eleanor,Hall,17,Female,11,90.7,45,49,75,56.33,69.8,4,2,9.8,Yes,Yes
S0292,Mateo,Parker,16,Male,10,62.9,94,58,84,78.67,82.1,0,3,0.5,No,Yes
S0293,Eli,Smith,17,Male,11,86.1,40,45,70,51.67,71.9,1,1,5.0,No,No
S0294,Madison,King,13,Female,7,96.9,60,96,77,77.67,87.7,5,1,10.2,Yes,No
S0295,Christopher,Kelly,15,Male,9,84.1,98,97,89,94.67,78.4,0,0,17.3,Yes,No
S0296,Grace,Bailey,17,Female,11,70.4,63,85,91,79.67,87.2,1,1,15.8,Yes,No
S0297,Natalie,Moore,18,Female,12,74.3,41,92,85,72.67,85.3,1,0,0.3,No,No
S0298,Charlotte,Cook,13,Female,7,82.4,97,67,80,81.33,96.4,1,1,6.7,Yes,No
S0299,Lincoln,Taylor,14,Male,8,90.5,61,61,98,73.33,63.1,1,1,4.1,No,No
S0300,Ella,Martin,13,Female,7,92.0,57,58,44,53.0,69.8,2,0,3.0,Yes,Yes
S0301,Hazel,Cox,18,Female,12,69.3,82,85,64,77.0,81.6,3,0,15.0,Yes,Yes
S0302,Leah,Peterson,17,Female,11,79.0,58,70,96,74.67,78.0,6,1,19.1,No,Yes
S0303,Leah,Jones,14,Female,8,87.1,66,88,98,84.0,94.5,0,1,0.8,Yes,No
S0304,Leah,Kim,14,Female,8,85.5,78,58,87,74.33,65.0,0,1,1.6,No,No
S0305,Levi,Hill,14,Male,8,75.9,47,43,94,61.33,74.8,0,2,14.3,Yes,Yes
S0306,Jackson,Johnson,15,Male,9,75.9,88,87,93,89.33,77.3,2,0,16.1,Yes,No
S0307,Elijah,Howard,15,Male,9,84.4,46,79,55,60.0,66.2,3,2,15.9,Yes,Yes
S0308,Leah,Watson,15,Female,9,75.3,53,75,97,75.0,91.9,5,0,1.2,Yes,Yes
S0309,Lily,Carter,13,Female,7,93.2,56,40,96,64.0,90.0,1,4,11.8,No,Yes
S0310,Savannah,Cox,16,Female,10,94.9,67,48,94,69.67,64.0,0,1,5.6,No,Yes
S0311,Sebastian,Cook,16,Male,10,75.2,43,80,57,60.0,96.1,3,0,5.0,Yes,Yes
S0312,Christian,Turner,18,Male,12,89.3,40,98,60,66.0,86.4,2,1,7.3,No,No
S0313,Ava,Cruz,14,Female,8,83.9,42,55,49,48.67,81.5,0,0,17.6,No,No
S0314,Aiden,Torres,16,Male,10,77.0,57,97,95,83.0,84.2,1,0,0.4,Yes,No
S0315,Logan,Thomas,18,Male,12,73.9,51,75,68,64.67,80.3,1,0,17.2,Yes,Yes
S0316,Oliver,Cook,13,Male,7,83.3,84,96,92,90.67,83.5,1,0,3.7,Yes,No
S0317,Theodore,Allen,12,Male,6,84.7,85,80,80,81.67,94.1,2,0,5.6,No,No
S0318,Matthew,Wright,14,Male,8,83.7,70,41,48,53.0,63.6,3,2,0.3,No,Yes
S0319,Mia,Cooper,15,Female,9,92.2,66,65,57,62.67,88.3,2,0,13.1,No,No
S0320,Penelope,Martinez,17,Female,11,88.6,90,58,54,67.33,71.4,1,2,7.8,Yes,Yes
S0321,Luna,Scott,18,Female,12,79.4,52,72,90,71.33,89.4,2,1,16.8,Yes,No
S0322,Camila,Mitchell,13,Female,7,84.4,84,95,68,82.33,67.5,3,1,12.9,No,Yes
S0323,Theodore,Ramos,13,Male,7,80.2,68,84,57,69.67,82.3,0,0,6.6,No,No
S0324,Victoria,Brown,18,Female,12,91.3,44,57,57,52.67,72.3,3,0,15.0,No,Yes
S0325,Aria,Stewart,14,Female,8,74.8,68,46,80,64.67,65.7,2,0,8.9,Yes,Yes
S0326,Ryan,Allen,13,Male,7,83.8,48,94,79,73.67,69.1,0,0,3.4,No,No
S0327,Noah,Carter,13,Male,7,86.8,56,89,100,81.67,83.3,0,3,7.5,No,No
S0328,Hazel,Ramos,15,Female,9,90.3,89,71,95,85.0,63.2,4,0,11.7,No,Yes
S0329,Mason,Green,12,Male,6,88.1,84,81,76,80.33,58.7,2,0,17.4,No,No
S0330,Caleb,Mitchell,15,Male,9,89.3,49,51,54,51.33,71.8,4,0,2.7,No,Yes
S0331,Savannah,Watson,13,Female,7,57.3,51,80,74,68.33,97.6,4,0,9.8,No,Yes
S0332,Sebastian,Edwards,15,Male,9,92.3,80,89,86,85.0,87.6,1,2,2.8,Yes,No
S0333,Abigail,Watson,12,Female,6,82.7,55,66,66,62.33,87.9,2,1,13.1,No,No
S0334,Lucas,Scott,18,Male,12,83.0,40,95,58,64.33,62.7,2,1,6.9,Yes,Yes
S0335,Anthony,Thomas,18,Male,12,74.0,53,62,79,64.67,93.9,1,1,13.7,No,Yes
S0336,Carter,Gutierrez,13,Male,7,68.6,62,60,87,69.67,71.5,1,2,18.2,Yes,Yes
S0337,Lucy,Morales,17,Female,11,76.2,78,79,96,84.33,81.7,2,2,2.9,Yes,Yes
S0338,Jackson,Miller,14,Male,8,97.4,61,74,100,78.33,82.4,1,0,7.7,No,No
S0339,Cameron,Morris,17,Male,11,86.3,89,67,99,85.0,79.1,0,3,1.8,No,No
S0340,Henry,Hall,18,Male,12,89.0,85,87,86,86.0,77.9,2,0,16.6,No,No
S0341,Levi,Murphy,16,Male,10,82.9,42,72,83,65.67,91.5,2,0,18.6,No,No
S0342,Wyatt,Gomez,18,Male,12,68.8,91,56,54,67.0,76.5,3,0,8.9,No,Yes
S0343,Olivia,Nelson,17,Female,11,90.5,95,68,48,70.33,58.2,4,0,18.8,Yes,Yes
S0344,Matthew,Adams,13,Male,7,91.8,67,81,71,73.0,83.0,2,1,13.5,Yes,No
S0345,James,Turner,14,Male,8,88.2,88,71,41,66.67,85.3,0,0,2.2,No,No
S0346,Lucas,Williams,15,Male,9,81.1,68,62,74,68.0,90.7,3,0,10.7,Yes,Yes
S0347,Gabriel,Williams,12,Male,6,63.2,44,60,67,57.0,95.3,0,2,5.2,Yes,Yes
S0348,Camila,Ramirez,16,Female,10,83.5,95,57,44,65.33,77.4,3,1,12.1,Yes,Yes
S0349,Joshua,Reyes,18,Male,12,90.3,59,99,53,70.33,86.7,1,0,2.7,Yes,No
S0350,Christian,Hernandez,15,Male,9,84.0,75,57,89,73.67,83.2,1,1,13.5,Yes,No
S0351,Scarlett,Edwards,14,Female,8,80.1,41,90,82,71.0,68.1,1,0,17.3,Yes,No
S0352,Bella,White,18,Female,12,85.1,51,61,45,52.33,85.1,2,0,9.6,Yes,No
S0353,Logan,Nguyen,17,Male,11,78.5,51,75,45,57.0,73.9,1,0,9.8,No,Yes
S0354,Jackson,Lee,18,Male,12,93.4,81,51,78,70.0,63.5,1,1,4.9,No,No
S0355,Daniel,Parker,12,Male,6,90.3,80,88,78,82.0,75.5,0,2,15.7,Yes,No
S0356,Julian,Perez,13,Male,7,93.2,64,72,54,63.33,91.1,2,2,10.0,No,Yes
S0357,Penelope,Lewis,17,Female,11,91.0,41,81,60,60.67,80.5,1,0,11.0,Yes,No
S0358,Emily,Cook,15,Female,9,84.5,75,42,86,67.67,82.7,1,2,10.8,No,Yes
S0359,Sebastian,Richardson,15,Male,9,89.5,44,45,55,48.0,83.2,0,0,19.9,Yes,No
S0360,Theodore,Hernandez,13,Male,7,69.2,91,59,42,64.0,89.4,1,0,2.8,Yes,Yes
S0361,Penelope,Ramirez,18,Female,12,76.1,82,56,95,77.67,66.3,2,0,17.5,Yes,Yes
S0362,Abigail,Cruz,17,Female,11,84.5,97,80,87,88.0,86.7,0,2,4.6,No,No
S0363,Madison,Harris,18,Female,12,69.9,40,45,87,57.33,99.7,1,0,14.6,Yes,Yes
S0364,Audrey,Evans,16,Female,10,88.7,85,49,40,58.0,73.4,2,1,13.8,No,No
S0365,David,Wright,18,Male,12,85.6,63,61,97,73.67,70.4,1,1,12.9,Yes,No
S0366,Sophia,Nguyen,12,Female,6,87.8,54,90,47,63.67,78.0,4,0,18.9,No,Yes
S0367,Ethan,Baker,12,Male,6,83.6,91,41,62,64.67,62.6,5,1,8.6,No,Yes
S0368,Joseph,Wilson,14,Male,8,94.1,80,40,73,64.33,96.6,0,3,0.5,Yes,Yes
S0369,Mason,Martin,16,Male,10,72.8,52,49,77,59.33,97.3,0,1,16.5,No,Yes
S0370,Victoria,Reyes,16,Female,10,88.8,47,65,64,58.67,91.0,3,0,6.7,Yes,Yes
S0371,Mia,Harris,12,Female,6,79.2,40,98,62,66.67,73.3,1,4,7.0,Yes,Yes
S0372,Lucas,Wright,17,Male,11,75.1,98,94,58,83.33,78.3,2,1,11.1,Yes,No
S0373,Zoey,Jackson,12,Female,6,73.4,69,46,65,60.0,52.9,0,0,13.9,Yes,Yes
S0374,Levi,Ortiz,16,Male,10,89.9,46,51,41,46.0,97.8,1,2,9.2,Yes,Yes
S0375,Christian,Nelson,16,Male,10,78.4,61,47,61,56.33,64.0,3,1,19.9,Yes,Yes
S0376,Mila,Anderson,18,Female,12,76.3,54,73,72,66.33,67.4,2,3,8.3,Yes,Yes
S0377,Anthony,Jones,13,Male,7,97.9,79,42,94,71.67,85.1,4,4,16.8,No,Yes
S0378,Audrey,Watson,13,Female,7,99.1,75,57,94,75.33,84.8,6,3,10.2,Yes,Yes
S0379,Aurora,Taylor,13,Female,7,87.1,80,86,61,75.67,79.7,3,0,11.0,No,No
S0380,Audrey,Martinez,14,Female,8,98.6,75,45,88,69.33,59.4,0,2,3.1,No,Yes
S0381,Jayden,Walker,16,Male,10,68.6,69,73,86,76.0,75.1,3,0,15.8,Yes,Yes
S0382,Lillian,Anderson,17,Female,11,94.0,88,56,49,64.33,72.2,6,3,14.5,Yes,Yes
S0383,Liam,Robinson,17,Male,11,82.6,56,56,72,61.33,60.4,2,2,19.5,Yes,Yes
S0384,Emma,Clark,16,Female,10,77.3,75,55,46,58.67,63.1,0,3,5.8,No,Yes
S0385,Bella,Williams,17,Female,11,74.2,47,79,56,60.67,61.9,3,0,17.4,No,Yes
S0386,Elijah,Walker,16,Male,10,65.7,84,78,40,67.33,87.9,4,0,2.2,Yes,Yes
S0387,Joseph,Walker,12,Male,6,92.3,71,51,41,54.33,89.8,1,2,5.8,No,Yes
S0388,Lincoln,Lewis,18,Male,12,74.3,81,61,76,72.67,61.0,2,1,1.6,Yes,Yes
S0389,Luke,Sanchez,12,Male,6,68.4,88,54,71,71.0,87.0,1,2,15.0,No,Yes
S0390,Zoey,Miller,16,Female,10,78.3,53,100,73,75.33,77.7,1,3,15.9,No,Yes
S0391,Aurora,Ortiz,17,Female,11,91.5,90,48,48,62.0,69.4,3,0,0.9,Yes,Yes
S0392,Carter,Clark,12,Male,6,80.6,63,89,82,78.0,97.3,3,1,11.6,Yes,No
S0393,Chloe,Baker,14,Female,8,81.7,88,75,68,77.0,66.4,2,2,11.7,Yes,Yes
S0394,James,Parker,18,Male,12,88.3,89,44,63,65.33,88.6,2,2,15.4,No,Yes
S0395,Cameron,Cook,15,Male,9,86.7,83,60,67,70.0,79.2,0,1,9.1,Yes,No
S0396,Mila,Brooks,13,Female,7,71.4,82,78,65,75.0,87.8,1,0,18.5,Yes,No
S0397,Camila,Sanchez,13,Female,7,72.5,69,90,42,67.0,76.3,1,0,0.3,Yes,Yes
S0398,Riley,Walker,17,Female,11,52.7,90,99,82,90.33,78.3,2,3,0.4,Yes,Yes
S0399,Avery,Rogers,16,Female,10,84.2,88,75,87,83.33,71.9,2,0,0.9,Yes,No
S0400,Evelyn,Sanchez,12,Female,6,99.2,53,94,52,66.33,85.6,3,0,15.6,Yes,Yes
S0401,Logan,Turner,12,Male,6,82.7,53,79,51,61.0,81.5,5,1,20.0,Yes,Yes
S0402,Evelyn,Green,18,Female,12,86.8,61,71,84,72.0,76.5,0,0,3.0,Yes,No
S0403,Alexander,Miller,12,Male,6,78.1,53,63,49,55.0,66.8,6,0,18.6,No,Yes
S0404,Oliver,Hernandez,16,Male,10,88.4,55,61,92,69.33,92.7,0,1,3.1,Yes,No
S0405,Grayson,Gutierrez,16,Male,10,84.6,81,53,81,71.67,92.7,1,2,14.7,No,No
S0406,Joshua,Turner,15,Male,9,91.6,48,87,50,61.67,81.6,2,1,15.9,No,No
S0407,Ava,Kelly,15,Female,9,63.7,65,99,72,78.67,80.6,1,1,13.6,No,No
S0408,Owen,Green,15,Male,9,86.6,75,73,90,79.33,67.6,2,3,4.8,No,Yes
S0409,Elizabeth,Sanchez,18,Female,12,59.2,58,55,93,68.67,87.8,2,1,19.2,No,Yes
S0410,Grayson,Rogers,17,Male,11,91.5,68,61,87,72.0,91.1,2,0,2.4,No,No
S0411,Carter,Diaz,18,Male,12,89.9,67,85,49,67.0,96.0,1,0,5.4,Yes,No
S0412,Daniel,Wilson,12,Male,6,96.8,76,83,52,70.33,57.3,0,3,12.1,Yes,Yes
S0413,Brooklyn,Wright,14,Female,8,98.9,53,97,63,71.0,82.7,1,3,5.2,No,No
S0414,Ryan,White,16,Male,10,93.1,90,47,79,72.0,71.7,2,2,1.5,No,No
S0415,Luna,Bailey,17,Female,11,95.0,44,54,51,49.67,90.0,0,1,1.0,Yes,No
S0416,Wyatt,Collins,13,Male,7,83.8,69,74,100,81.0,71.1,1,4,15.4,No,No
S0417,Chloe,Nelson,18,Female,12,78.0,93,95,75,87.67,80.2,3,0,15.1,Yes,Yes
S0418,Lily,Brown,17,Female,11,81.1,77,85,66,76.0,75.9,2,0,11.0,Yes,No
S0419,Eli,Stewart,18,Male,12,84.8,43,50,48,47.0,75.5,3,0,19.4,No,Yes
S0420,Ellie,Ortiz,17,Female,11,71.0,59,89,76,74.67,86.4,1,0,15.1,Yes,No
S0421,Hannah,Reyes,14,Female,8,90.9,77,69,41,62.33,73.7,3,1,13.7,No,Yes
S0422,Alexander,Chavez,17,Male,11,95.8,48,66,95,69.67,87.3,7,0,1.6,No,Yes
S0423,Andrew,Nguyen,18,Male,12,89.8,99,69,47,71.67,67.6,0,0,4.5,Yes,No
S0424,Natalie,Lewis,17,Female,11,64.5,89,62,98,83.0,95.9,0,0,5.4,No,No
S0425,Natalie,Edwards,18,Female,12,76.0,81,87,47,71.67,93.9,3,2,11.1,No,Yes
S0426,Grace,Lewis,13,Female,7,90.6,92,93,99,94.67,97.4,0,0,6.9,Yes,No
S0427,Brooklyn,Gomez,16,Female,10,70.9,63,94,55,70.67,82.1,1,2,7.9,No,Yes
S0428,Mia,Johnson,14,Female,8,69.4,75,47,54,58.67,56.1,1,1,5.8,No,Yes
S0429,Charlotte,Smith,16,Female,10,93.2,52,72,59,61.0,93.6,0,0,18.3,No,No
S0430,Grace,Scott,17,Female,11,69.6,92,70,98,86.67,92.0,1,2,15.4,No,Yes
S0431,Nora,Phillips,17,Female,11,86.5,72,61,62,65.0,89.0,1,0,16.9,No,No
S0432,Christian,Young,14,Male,8,76.3,64,72,72,69.33,98.8,0,0,1.6,No,Yes
S0433,Lucas,Sanchez,15,Male,9,94.4,49,92,80,73.67,74.2,2,0,18.6,No,No
S0434,Audrey,Walker,13,Female,7,79.0,56,51,85,64.0,94.8,3,0,2.4,Yes,Yes
S0435,Emma,Anderson,13,Female,7,79.3,49,43,95,62.33,94.5,1,0,19.0,Yes,Yes
S0436,Ellie,Cooper,18,Female,12,89.8,91,78,74,81.0,61.1,6,1,18.5,No,Yes
S0437,Isabella,Howard,17,Female,11,77.7,77,74,94,81.67,92.3,2,0,14.7,Yes,No
S0438,Joshua,Hill,13,Male,7,89.9,60,96,40,65.33,90.1,1,0,3.6,Yes,No
S0439,Harper,Morris,16,Female,10,83.4,52,88,56,65.33,76.0,2,1,5.9,No,No
S0440,Sofia,Kelly,15,Female,9,80.4,73,82,85,80.0,81.8,1,0,8.1,No,No
S0441,Joshua,Ward,16,Male,10,72.6,65,55,62,60.67,68.8,2,0,14.9,Yes,Yes
S0442,Grayson,Kim,15,Male,9,92.2,61,88,63,70.67,72.5,0,0,12.1,No,No
S0443,Hannah,Richardson,18,Female,12,85.9,42,50,86,59.33,84.8,1,2,3.2,Yes,Yes
S0444,Aria,Hill,17,Female,11,95.8,83,45,83,70.33,68.4,3,1,18.8,No,Yes
S0445,Eleanor,Bailey,15,Female,9,85.8,59,49,85,64.33,94.2,1,0,11.5,Yes,No
S0446,Skylar,Smith,18,Female,12,79.2,73,64,58,65.0,72.8,1,1,1.7,Yes,Yes
S0447,Jack,Smith,13,Male,7,80.8,46,64,96,68.67,85.0,1,1,7.6,No,No
S0448,Luna,Campbell,13,Female,7,63.1,71,84,83,79.33,82.2,2,0,5.5,No,No
S0449,Hazel,Roberts,12,Female,6,70.6,56,53,55,54.67,75.9,3,0,0.0,No,Yes
S0450,Camila,Moore,17,Female,11,80.2,84,45,53,60.67,76.2,3,0,4.1,No,Yes
S0451,Jayden,Turner,12,Male,6,91.0,84,70,79,77.67,60.8,4,0,4.6,Yes,Yes
S0452,Lincoln,Hill,18,Male,12,78.7,61,97,80,79.33,91.0,4,1,15.8,Yes,Yes
S0453,Elijah,Cox,15,Male,9,84.0,49,56,78,61.0,73.3,0,3,17.8,No,Yes
S0454,Henry,Allen,13,Male,7,78.5,80,78,62,73.33,80.4,5,3,10.1,No,Yes
S0455,Amelia,Hernandez,12,Female,6,74.8,53,44,95,64.0,75.5,0,0,7.1,Yes,Yes
S0456,Natalie,Hill,14,Female,8,93.8,77,95,62,78.0,83.3,1,1,7.2,Yes,No
S0457,Aurora,Baker,16,Female,10,72.9,43,68,85,65.33,82.6,4,0,3.2,Yes,Yes
S0458,Eli,Perez,14,Male,8,81.2,87,52,47,62.0,85.0,1,0,19.9,Yes,No
S0459,Nora,Wood,15,Female,9,83.7,87,49,46,60.67,85.3,5,1,15.3,Yes,Yes
S0460,Lillian,Turner,18,Female,12,62.3,57,69,40,55.33,82.0,0,1,0.2,No,Yes
S0461,Cameron,Martin,15,Male,9,87.5,94,56,74,74.67,79.8,3,4,19.0,Yes,Yes
S0462,Amelia,Nguyen,16,Female,10,79.0,56,60,95,70.33,94.3,1,4,18.4,No,Yes
S0463,Joseph,Rogers,12,Male,6,84.5,71,68,58,65.67,82.6,2,2,19.9,Yes,Yes
S0464,Natalie,Moore,16,Female,10,85.2,42,72,60,58.0,77.1,1,0,15.2,No,No
S0465,Sophia,Morales,13,Female,7,87.7,72,70,41,61.0,83.6,0,3,16.6,Yes,Yes
S0466,Sebastian,Gutierrez,13,Male,7,87.4,81,40,48,56.33,61.9,6,4,20.0,Yes,Yes
S0467,Elizabeth,Stewart,14,Female,8,89.6,64,68,90,74.0,65.9,2,2,15.8,No,Yes
S0468,Audrey,Chavez,18,Female,12,97.2,80,55,50,61.67,60.6,0,0,19.1,No,Yes
S0469,Eli,King,18,Male,12,81.1,99,56,100,85.0,79.8,1,0,0.4,Yes,No
S0470,Nathan,Adams,16,Male,10,91.2,41,66,80,62.33,86.6,1,1,3.4,Yes,No
S0471,Wyatt,Brown,13,Male,7,76.6,73,95,45,71.0,95.6,3,0,4.1,No,Yes
S0472,Scarlett,Adams,15,Female,9,85.4,62,84,63,69.67,65.8,0,1,11.9,Yes,Yes
S0473,Lincoln,Gutierrez,13,Male,7,84.5,99,78,67,81.33,82.1,2,0,18.4,No,No
S0474,Sebastian,Walker,12,Male,6,85.7,83,97,45,75.0,79.2,0,0,19.0,No,No
S0475,Jayden,Evans,14,Male,8,72.4,55,61,68,61.33,82.0,4,0,3.1,No,Yes
S0476,Elizabeth,Ward,12,Female,6,76.2,47,85,71,67.67,76.9,1,0,3.2,No,Yes
S0477,Sofia,Lewis,16,Female,10,69.5,54,70,67,63.67,82.1,3,0,18.4,Yes,Yes
S0478,Leah,Miller,12,Female,6,90.5,85,42,73,66.67,82.3,0,0,12.2,Yes,No
S0479,Ryan,Rogers,17,Male,11,91.9,94,89,83,88.67,68.8,0,0,9.5,No,No
S0480,Jackson,Lee,13,Male,7,61.9,46,81,65,64.0,86.1,3,1,14.7,No,Yes
S0481,Levi,Cooper,15,Male,9,77.6,73,57,99,76.33,70.0,6,1,12.0,No,Yes
S0482,Audrey,Clark,17,Female,11,89.3,65,94,87,82.0,59.0,2,1,15.3,No,No
S0483,David,Rogers,14,Male,8,89.6,93,49,43,61.67,72.7,3,0,15.2,Yes,Yes
S0484,Joshua,Lewis,18,Male,12,71.5,67,58,50,58.33,85.3,2,1,0.0,No,Yes
S0485,Dylan,Harris,14,Male,8,84.8,82,46,50,59.33,70.5,1,1,5.4,No,No
S0486,Liam,Hall,12,Male,6,66.7,42,67,68,59.0,93.1,0,1,2.0,Yes,Yes
S0487,Sebastian,Collins,15,Male,9,85.1,43,83,47,57.67,96.9,1,0,6.3,No,No
S0488,Elijah,Nelson,15,Male,9,72.8,83,86,72,80.33,95.0,3,0,5.1,No,Yes
S0489,Violet,Watson,17,Female,11,89.8,40,93,65,66.0,69.7,3,1,16.3,No,Yes
S0490,Claire,Richardson,18,Female,12,89.5,50,54,64,56.0,84.6,2,0,18.8,Yes,No
S0491,Anthony,Anderson,15,Male,9,71.2,96,57,77,76.67,64.2,3,2,7.2,No,Yes
S0492,Evelyn,Reed,13,Female,7,87.7,66,56,42,54.67,68.5,1,1,12.2,No,Yes
S0493,Emily,Gomez,16,Female,10,71.2,92,74,40,68.67,94.7,2,0,4.3,No,Yes
S0494,Thomas,Moore,12,Male,6,97.0,59,100,55,71.33,84.9,1,3,16.9,Yes,No
S0495,Leah,Cook,15,Female,9,73.8,49,45,83,59.0,86.1,0,1,3.1,Yes,Yes
S0496,Jack,Peterson,16,Male,10,76.2,55,72,42,56.33,87.1,1,1,9.2,Yes,Yes
S0497,Victoria,Cruz,17,Female,11,93.5,50,51,84,61.67,83.0,2,0,2.9,No,No
S0498,Jaxon,Cook,12,Male,6,90.6,100,92,98,96.67,72.1,3,0,9.1,Yes,No
S0499,James,Campbell,16,Male,10,85.5,91,94,73,86.0,63.7,0,2,17.2,No,Yes
S0500,Violet,Campbell,12,Female,6,86.3,66,63,72,67.0,90.6,4,1,10.5,Yes,Yes
S0501,Liam,Jones,16,Male,10,95.3,55,45,61,53.67,94.2,1,0,4.9,Yes,No
S0502,Christopher,Brooks,15,Male,9,87.7,56,74,58,62.67,76.9,1,0,17.7,No,No
S0503,John,Anderson,16,Male,10,90.3,55,67,81,67.67,81.2,1,0,1.0,Yes,No
S0504,Liam,Mitchell,12,Male,6,88.8,90,83,83,85.33,90.7,0,1,13.7,Yes,No
S0505,Carter,Miller,12,Male,6,77.4,50,40,52,47.33,90.5,1,0,13.6,No,Yes
S0506,Ellie,Reed,12,Female,6,91.8,51,91,50,64.0,91.6,0,0,19.6,Yes,No
S0507,Nolan,Stewart,12,Male,6,81.2,92,88,76,85.33,90.6,0,1,4.8,Yes,No
S0508,Anthony,Nelson,17,Male,11,89.3,73,83,98,84.67,85.2,0,2,12.2,Yes,No
S0509,Avery,Lee,13,Female,7,91.6,50,87,40,59.0,81.9,5,0,15.6,Yes,Yes
S0510,Eli,King,14,Male,8,75.9,76,46,82,68.0,93.6,1,1,2.8,No,Yes
S0511,Olivia,Morris,17,Female,11,96.0,72,41,99,70.67,90.6,2,2,0.9,No,No
S0512,Natalie,Reyes,17,Female,11,64.2,48,77,71,65.33,68.0,3,0,11.6,No,Yes
S0513,Logan,Phillips,17,Male,11,92.2,43,96,57,65.33,83.0,3,1,10.2,Yes,Yes
S0514,Joseph,Morales,15,Male,9,75.2,74,61,92,75.67,86.2,4,1,5.1,Yes,Yes
S0515,Ryan,Jones,15,Male,9,85.8,97,92,84,91.0,55.8,0,0,18.5,Yes,No
S0516,Riley,Jackson,15,Female,9,91.4,68,49,85,67.33,84.2,0,0,2.8,No,No
S0517,David,Johnson,16,Male,10,93.3,96,92,98,95.33,85.6,1,0,5.7,No,No
S0518,Lily,Harris,15,Female,9,81.0,76,51,83,70.0,75.9,0,1,8.7,Yes,No
S0519,Isaac,King,17,Male,11,89.4,40,97,41,59.33,77.4,1,2,17.8,Yes,Yes
S0520,Brooklyn,Roberts,17,Female,11,87.9,97,100,83,93.33,89.4,2,1,3.2,No,No
S0521,Riley,Murphy,17,Female,11,88.1,54,76,56,62.0,68.1,1,0,3.6,No,Yes
S0522,Nolan,Ortiz,12,Male,6,84.2,55,65,99,73.0,94.2,0,0,18.8,No,No
S0523,Sebastian,Murphy,13,Male,7,89.6,54,58,97,69.67,73.7,5,1,6.6,Yes,Yes
S0524,Mila,Thomas,12,Female,6,75.7,57,50,42,49.67,75.5,3,1,16.7,Yes,Yes
S0525,Elizabeth,Thomas,15,Female,9,83.3,71,86,93,83.33,66.7,3,1,16.7,Yes,Yes
S0526,Cameron,Phillips,16,Male,10,90.1,57,72,76,68.33,78.8,3,1,19.9,Yes,Yes
S0527,Nolan,Lee,12,Male,6,88.2,46,94,46,62.0,82.3,1,0,15.5,No,No
S0528,Olivia,King,16,Female,10,96.7,76,78,50,68.0,52.6,0,0,0.7,No,Yes
S0529,Lillian,Bailey,15,Female,9,68.7,90,84,56,76.67,78.5,5,0,19.5,Yes,Yes
S0530,Savannah,Martinez,13,Female,7,82.5,77,59,100,78.67,82.3,1,1,12.7,Yes,No
S0531,Isaac,Gutierrez,17,Male,11,93.0,85,47,55,62.33,67.3,3,0,17.3,No,Yes
S0532,Dylan,Lee,17,Male,11,75.7,46,97,60,67.67,83.3,4,2,6.6,No,Yes
S0533,Dylan,Thomas,16,Male,10,66.3,60,60,82,67.33,76.7,3,1,13.1,No,Yes
S0534,Logan,Martin,18,Male,12,98.1,60,85,91,78.67,78.3,3,1,0.0,No,No
S0535,Levi,Reyes,12,Male,6,95.7,70,66,62,66.0,75.7,1,1,8.9,No,No
S0536,Penelope,Phillips,17,Female,11,76.6,95,93,92,93.33,66.8,0,1,6.6,No,Yes
S0537,Matthew,Flores,16,Male,10,93.5,48,46,69,54.33,73.7,0,0,19.0,Yes,No
S0538,Eleanor,Wood,18,Female,12,91.1,71,50,80,67.0,65.2,2,1,17.9,No,Yes
S0539,Nathan,Taylor,15,Male,9,76.4,82,50,56,62.67,87.8,3,2,2.4,Yes,Yes
S0540,Henry,Thomas,15,Male,9,76.6,65,89,74,76.0,81.8,0,1,11.0,No,No
S0541,Amelia,Perez,15,Female,9,67.1,86,90,71,82.33,84.5,3,3,9.3,No,Yes
S0542,Chloe,Bailey,15,Female,9,90.1,44,40,58,47.33,82.5,1,0,3.8,No,No
S0543,Daniel,Wood,17,Male,11,74.7,51,89,55,65.0,82.9,2,0,1.6,Yes,Yes
S0544,Joseph,Reyes,13,Male,7,82.4,51,75,56,60.67,65.8,1,1,19.6,No,Yes
S0545,Violet,Cook,18,Female,12,89.0,74,83,71,76.0,79.2,4,3,0.1,No,Yes
S0546,Nora,Evans,17,Female,11,93.4,62,82,98,80.67,72.5,5,2,1.8,Yes,Yes
S0547,Chloe,Scott,17,Female,11,87.2,100,51,62,71.0,74.9,2,1,7.6,No,No
S0548,Abigail,Lee,16,Female,10,87.3,61,82,68,70.33,78.6,3,0,3.6,Yes,No
S0549,Theodore,Martin,13,Male,7,84.8,63,85,92,80.0,72.8,4,0,17.5,Yes,No
S0550,Isaac,Robinson,12,Male,6,80.3,46,99,99,81.33,93.4,0,0,5.3,Yes,No
S0551,Noah,Gutierrez,14,Male,8,78.8,54,90,94,79.33,81.4,3,1,8.3,No,Yes
S0552,Mia,Robinson,18,Female,12,86.4,74,95,58,75.67,77.2,3,4,11.3,No,Yes
S0553,Camila,Lewis,16,Female,10,93.0,79,69,94,80.67,84.0,4,3,3.1,Yes,Yes
S0554,Ryan,Ramos,15,Male,9,85.3,94,64,44,67.33,94.4,0,2,15.7,Yes,Yes
S0555,Luke,Evans,16,Male,10,82.8,56,92,63,70.33,75.3,0,0,10.0,Yes,No
S0556,Andrew,Cruz,14,Male,8,63.6,80,61,58,66.33,81.5,0,1,16.4,Yes,Yes
S0557,Isaac,Turner,14,Male,8,66.9,48,74,88,70.0,81.5,0,1,8.8,Yes,No
S0558,John,Lewis,12,Male,6,97.4,48,49,97,64.67,82.1,0,1,13.8,Yes,No
S0559,Audrey,Jackson,13,Female,7,97.7,78,73,85,78.67,75.9,0,1,1.9,Yes,No
S0560,Alexander,Watson,14,Male,8,71.1,88,73,58,73.0,96.5,1,0,12.3,Yes,No
S0561,Scarlett,Kelly,12,Female,6,91.0,85,64,66,71.67,92.0,0,0,17.8,Yes,No
S0562,Matthew,Taylor,13,Male,7,96.2,48,54,89,63.67,86.9,1,2,12.5,Yes,Yes
S0563,Audrey,Anderson,16,Female,10,91.9,85,63,62,70.0,91.1,1,0,10.9,No,No
S0564,Sofia,Reyes,15,Female,9,95.3,46,60,82,62.67,62.0,5,0,4.3,No,Yes
S0565,Zoey,Murphy,12,Female,6,95.3,50,77,79,68.67,95.2,0,1,19.3,Yes,No
S0566,Aria,Allen,15,Female,9,89.7,40,86,71,65.67,81.6,0,0,4.9,No,No
S0567,Mia,Murphy,17,Female,11,94.3,76,99,47,74.0,97.1,3,1,11.1,No,No
S0568,Olivia,Robinson,17,Female,11,81.9,40,40,61,47.0,87.9,3,0,19.7,Yes,Yes
S0569,Charlotte,Baker,17,Female,11,85.3,57,82,42,60.33,81.7,4,0,3.1,No,Yes
S0570,Camila,Hernandez,14,Female,8,77.2,86,62,58,68.67,88.9,2,3,10.3,No,Yes
S0571,Dylan,Cruz,13,Male,7,80.1,48,42,76,55.33,68.1,1,1,2.9,No,Yes
S0572,Noah,Reed,16,Male,10,67.1,52,75,96,74.33,77.5,0,0,0.3,No,No
S0573,Matthew,King,17,Male,11,85.5,69,44,71,61.33,94.1,3,1,7.9,Yes,Yes
S0574,Grayson,Harris,17,Male,11,78.0,67,54,73,64.67,98.0,2,1,7.9,No,Yes
S0575,Wyatt,Thomas,12,Male,6,83.4,78,69,43,63.33,91.4,1,0,5.5,Yes,No
S0576,Zoey,Taylor,16,Female,10,67.2,59,66,63,62.67,76.1,2,2,13.3,No,Yes
S0577,Nathan,King,15,Male,9,98.7,85,91,89,88.33,78.7,0,1,11.9,Yes,No
S0578,Jack,Diaz,13,Male,7,80.4,61,68,75,68.0,96.1,6,0,15.9,No,Yes
S0579,Ella,Rogers,16,Female,10,90.2,78,87,52,72.33,90.3,3,1,6.8,No,No
S0580,Stella,Reed,14,Female,8,74.4,99,51,47,65.67,60.3,3,0,18.3,No,Yes
S0581,Dylan,Harris,14,Male,8,66.4,87,42,50,59.67,56.1,1,1,3.2,Yes,Yes
S0582,Addison,Cruz,17,Female,11,76.4,50,41,41,44.0,95.7,1,0,12.5,No,Yes
S0583,Jaxon,Peterson,17,Male,11,91.3,49,48,48,48.33,84.2,1,1,1.2,Yes,No
S0584,Grayson,Roberts,12,Male,6,93.3,61,92,78,77.0,91.5,1,0,6.7,No,No
S0585,Penelope,Morris,14,Female,8,81.0,87,50,69,68.67,90.1,0,0,0.5,No,No
S0586,Grayson,Allen,13,Male,7,86.2,44,100,62,68.67,85.4,0,0,5.7,Yes,No
S0587,Alexander,Martin,13,Male,7,87.3,62,48,50,53.33,76.7,1,1,4.3,No,No
S0588,Samuel,Young,13,Male,7,82.9,74,50,42,55.33,79.4,4,1,0.2,No,Yes
S0589,Mia,Martin,13,Female,7,95.3,49,62,46,52.33,83.9,0,1,9.9,Yes,No
S0590,James,Torres,15,Male,9,93.9,66,76,47,63.0,82.9,1,3,1.6,No,Yes
S0591,Alexander,Wood,18,Male,12,64.0,99,60,72,77.0,87.2,2,0,19.8,No,No
S0592,Mateo,Mitchell,12,Male,6,63.3,72,60,60,64.0,81.4,6,3,18.1,No,Yes
S0593,Joseph,Hall,13,Male,7,85.9,92,45,57,64.67,79.7,3,0,1.4,Yes,Yes
S0594,David,Ramos,16,Male,10,94.3,81,72,67,73.33,72.2,2,1,2.9,Yes,No
S0595,Sofia,Ramirez,12,Female,6,81.5,87,42,46,58.33,88.6,3,1,18.9,No,Yes
S0596,Andrew,Perez,14,Male,8,86.0,45,49,67,53.67,69.0,1,0,17.8,Yes,Yes
S0597,Thomas,Scott,12,Male,6,86.6,78,79,52,69.67,64.7,4,1,0.5,Yes,Yes
S0598,Aria,Moore,14,Female,8,58.8,65,43,100,69.33,59.2,0,0,2.2,Yes,Yes
S0599,Liam,Howard,17,Male,11,67.2,67,70,48,61.67,59.7,0,0,13.5,Yes,Yes
S0600,Christian,Flores,17,Male,11,65.9,41,70,58,56.33,88.2,5,0,4.3,Yes,Yes
S0601,Caleb,Williams,13,Male,7,90.4,74,88,64,75.33,87.2,1,1,2.5,Yes,No
S0602,Violet,Reed,14,Female,8,92.1,87,70,46,67.67,68.9,2,0,7.1,Yes,Yes
S0603,Sofia,Scott,12,Female,6,81.9,98,54,73,75.0,88.3,3,0,4.9,Yes,No
S0604,Elizabeth,King,14,Female,8,80.6,51,97,74,74.0,68.9,3,1,18.8,No,Yes
S0605,Nathan,Parker,14,Male,8,90.6,60,53,65,59.33,86.2,0,0,10.4,Yes,No
S0606,Abigail,Roberts,17,Female,11,92.0,46,60,77,61.0,95.3,3,1,4.9,No,Yes
S0607,Eli,Wood,18,Male,12,91.9,93,96,70,86.33,98.2,5,0,3.3,Yes,No
S0608,Ryan,Cooper,14,Male,8,85.9,61,42,89,64.0,67.9,3,2,6.2,No,Yes
S0609,Oliver,Adams,14,Male,8,72.4,51,78,90,73.0,69.7,0,1,14.6,No,Yes
S0610,Sophia,Thomas,14,Female,8,90.4,54,75,86,71.67,69.7,0,2,14.4,Yes,Yes
S0611,Lily,Bailey,16,Female,10,85.3,73,96,50,73.0,98.5,0,0,9.0,Yes,No
S0612,Ellie,Gomez,13,Female,7,89.1,57,40,42,46.33,92.7,0,0,14.6,No,No
S0613,Isaac,Scott,18,Male,12,75.8,59,42,56,52.33,87.6,1,0,3.2,Yes,Yes
S0614,Ellie,Watson,15,Female,9,65.5,43,62,55,53.33,55.0,3,0,4.3,Yes,Yes
S0615,Aaron,Sanchez,13,Male,7,91.9,71,69,69,69.67,76.1,1,1,15.9,Yes,No
S0616,Claire,Walker,14,Female,8,71.4,73,80,86,79.67,92.3,1,1,10.2,No,No
S0617,Chloe,Gomez,14,Female,8,93.1,59,99,43,67.0,92.0,6,3,18.2,No,Yes
S0618,Joseph,Sanchez,12,Male,6,73.3,89,48,80,72.33,88.8,3,0,4.5,No,Yes
S0619,Mia,Cook,17,Female,11,76.8,87,67,80,78.0,72.3,3,2,18.9,No,Yes
S0620,Sophia,Hall,16,Female,10,72.9,72,80,43,65.0,80.7,2,1,10.3,Yes,Yes
S0621,Andrew,Lee,13,Male,7,81.5,80,62,81,74.33,88.5,4,4,4.5,Yes,Yes
S0622,Stella,Ramirez,16,Female,10,71.0,49,41,94,61.33,87.2,2,4,5.9,Yes,Yes
S0623,Hazel,Morgan,16,Female,10,78.7,96,75,66,79.0,92.8,3,2,3.5,Yes,Yes
S0624,Skylar,Wood,15,Female,9,63.7,54,95,91,80.0,87.0,2,1,19.0,No,No
S0625,Jack,Chavez,18,Male,12,84.2,81,96,47,74.67,64.6,2,0,15.7,No,No
S0626,Christopher,White,13,Male,7,89.0,83,73,61,72.33,85.1,0,1,16.7,No,No
S0627,Noah,Cook,14,Male,8,96.3,96,81,74,83.67,86.5,0,2,0.3,Yes,No
S0628,Lily,Nguyen,17,Female,11,68.7,76,47,91,71.33,77.8,2,0,18.6,No,No
S0629,Scarlett,Wright,13,Female,7,85.2,98,58,44,66.67,90.4,3,1,9.0,No,Yes
S0630,Hazel,Harris,15,Female,9,76.0,75,87,64,75.33,82.4,2,0,0.8,Yes,No
S0631,Adrian,Lewis,15,Male,9,82.7,59,60,57,58.67,80.9,1,0,18.8,No,No
S0632,Camila,Ortiz,15,Female,9,67.7,64,69,88,73.67,82.4,3,2,4.2,Yes,Yes
S0633,Jaxon,Parker,14,Male,8,72.6,68,63,45,58.67,81.6,1,1,14.9,Yes,Yes
S0634,Bella,Flores,18,Female,12,92.5,75,52,45,57.33,89.8,2,2,11.7,No,Yes
S0635,Ava,Cooper,14,Female,8,94.0,40,92,87,73.0,89.0,2,0,16.7,No,No
S0636,Chloe,Cook,12,Female,6,65.2,63,45,75,61.0,76.6,0,0,16.6,No,Yes
S0637,Adrian,Thomas,17,Male,11,83.4,96,91,49,78.67,75.6,2,3,4.5,No,No
S0638,Matthew,Peterson,13,Male,7,64.5,83,60,72,71.67,75.2,3,1,16.2,Yes,Yes
S0639,Logan,Sanchez,17,Male,11,87.0,99,62,50,70.33,63.9,1,0,3.0,No,No
S0640,Jayden,Walker,13,Male,7,88.0,60,90,63,71.0,87.4,1,1,5.0,No,No
S0641,Jackson,Ortiz,16,Male,10,68.6,88,59,71,72.67,70.5,2,0,4.7,Yes,No
S0642,Aiden,Gomez,14,Male,8,94.9,99,58,91,82.67,89.6,1,0,11.0,No,No
S0643,Samuel,Cruz,14,Male,8,85.2,43,50,55,49.33,89.9,2,2,9.1,No,Yes
S0644,Brooklyn,Rivera,18,Female,12,78.9,90,68,81,79.67,90.4,1,1,17.1,No,No
S0645,Eli,Torres,12,Male,6,85.0,51,50,92,64.33,66.3,1,1,13.3,Yes,Yes
S0646,John,Taylor,12,Male,6,82.2,50,52,92,64.67,82.7,4,0,4.4,No,Yes
S0647,Christopher,Baker,15,Male,9,88.7,48,66,52,55.33,86.6,1,4,0.2,Yes,Yes
S0648,Oliver,Ramos,16,Male,10,86.6,77,69,84,76.67,73.1,1,0,4.3,Yes,No
S0649,Adrian,Morris,16,Male,10,81.0,79,55,49,61.0,96.3,2,2,8.4,Yes,Yes
S0650,Elijah,Gomez,14,Male,8,73.4,100,47,93,80.0,87.8,0,0,9.8,No,No
S0651,Lillian,Carter,12,Female,6,88.9,53,81,48,60.67,72.9,2,1,11.7,No,No
S0652,James,Nelson,16,Male,10,98.7,89,84,46,73.0,71.7,1,0,19.3,Yes,No
S0653,Chloe,Rivera,14,Female,8,97.6,47,41,52,46.67,61.1,0,0,9.2,No,Yes
S0654,Oliver,Stewart,13,Male,7,75.3,62,75,62,66.33,92.4,1,1,17.9,No,Yes
S0655,Lillian,Bailey,15,Female,9,90.3,52,64,62,59.33,63.2,8,0,1.1,No,Yes
S0656,Claire,Robinson,15,Female,9,88.9,51,59,72,60.67,70.0,1,1,3.4,Yes,No
S0657,Savannah,Evans,17,Female,11,92.9,93,79,58,76.67,90.9,1,0,14.1,No,No
S0658,Mia,Lee,14,Female,8,71.4,40,74,66,60.0,90.8,1,0,11.5,Yes,Yes
S0659,Skylar,Jackson,17,Female,11,97.1,96,61,99,85.33,95.6,1,0,7.0,No,No
S0660,Violet,Edwards,17,Female,11,60.5,86,54,47,62.33,62.9,1,0,19.3,No,Yes
S0661,Addison,Hall,18,Female,12,78.3,57,80,51,62.67,74.5,1,0,14.6,No,Yes
S0662,Joseph,Ortiz,16,Male,10,79.6,63,51,44,52.67,73.3,4,0,4.6,Yes,Yes
S0663,Amelia,Ward,15,Female,9,83.2,100,40,74,71.33,91.8,3,0,17.7,No,No
S0664,David,Phillips,16,Male,10,89.7,81,73,87,80.33,76.2,2,0,14.9,No,No
S0665,Sofia,Ward,17,Female,11,88.0,43,87,59,63.0,73.7,1,4,15.7,No,Yes
S0666,Zoey,King,16,Female,10,74.5,70,49,64,61.0,81.1,5,1,17.4,No,Yes
S0667,Sebastian,White,17,Male,11,92.0,70,64,84,72.67,64.3,0,2,14.5,No,Yes
S0668,Theodore,Phillips,13,Male,7,91.5,61,56,62,59.67,89.3,4,1,13.4,Yes,Yes
S0669,Jack,Taylor,17,Male,11,84.2,82,96,54,77.33,86.2,0,1,8.7,Yes,No
S0670,Ellie,Hall,18,Female,12,95.4,63,59,85,69.0,95.5,4,0,2.7,Yes,Yes
S0671,Liam,Jackson,15,Male,9,78.2,47,98,65,70.0,74.5,0,2,15.9,Yes,Yes
S0672,Aubrey,Adams,15,Female,9,94.8,98,47,51,65.33,85.5,2,2,13.5,Yes,Yes
S0673,Nora,Wright,18,Female,12,66.8,63,62,72,65.67,95.1,2,0,19.4,No,Yes
S0674,Aiden,Howard,14,Male,8,88.0,81,67,73,73.67,77.8,0,1,19.3,Yes,No
S0675,Christian,Watson,17,Male,11,81.0,52,40,60,50.67,87.4,0,3,16.5,No,Yes
S0676,Madison,Torres,17,Female,11,88.3,61,80,84,75.0,84.8,2,0,19.2,Yes,No
S0677,Lincoln,Carter,18,Male,12,83.1,100,48,92,80.0,51.7,5,1,4.5,No,Yes
S0678,Leah,Reyes,18,Female,12,71.3,41,81,54,58.67,79.1,3,0,8.9,No,Yes
S0679,Mia,Richardson,18,Female,12,70.0,48,97,67,70.67,92.5,0,3,19.0,Yes,Yes
S0680,Victoria,Taylor,12,Female,6,72.3,66,91,48,68.33,84.2,2,0,7.9,No,Yes
S0681,Carter,Sanchez,16,Male,10,81.3,56,68,50,58.0,83.7,3,0,4.9,Yes,Yes
S0682,Natalie,Mitchell,18,Female,12,80.1,100,65,71,78.67,71.5,0,1,3.3,Yes,No
S0683,Abigail,Peterson,15,Female,9,96.1,43,41,52,45.33,66.4,4,2,11.6,Yes,Yes
S0684,Theodore,Walker,16,Male,10,81.8,72,87,53,70.67,86.6,1,1,7.7,Yes,No
S0685,Aria,Reyes,14,Female,8,84.1,93,80,59,77.33,67.4,2,1,1.6,No,No
S0686,Nolan,Nelson,14,Male,8,92.6,91,89,44,74.67,89.2,2,0,6.7,No,No
S0687,Noah,Hall,18,Male,12,86.6,73,66,93,77.33,89.7,1,3,15.2,Yes,No
S0688,Skylar,Morris,14,Female,8,76.8,42,96,98,78.67,95.3,2,1,4.8,Yes,No
S0689,Avery,Ramos,12,Female,6,84.6,51,66,73,63.33,87.0,1,4,14.2,Yes,Yes
S0690,Ethan,Wood,18,Male,12,92.3,43,74,76,64.33,81.8,1,0,19.4,Yes,No
S0691,Jaxon,Lewis,18,Male,12,67.7,65,97,50,70.67,84.1,3,1,15.7,No,Yes
S0692,Isabella,Garcia,16,Female,10,94.5,60,51,75,62.0,77.9,0,1,9.8,Yes,No
S0693,Samuel,Wilson,12,Male,6,81.1,88,82,87,85.67,83.1,0,0,18.4,Yes,No
S0694,Christian,Kelly,13,Male,7,81.7,73,54,50,59.0,93.6,2,1,14.6,Yes,No
S0695,Luke,Morris,12,Male,6,74.9,50,84,44,59.33,81.1,6,1,9.7,No,Yes
S0696,Jayden,Scott,18,Male,12,78.7,87,59,68,71.33,78.4,1,1,2.7,No,No
S0697,Chloe,Lee,16,Female,10,79.5,42,98,83,74.33,69.4,2,1,5.0,Yes,Yes
S0698,Aubrey,Nelson,13,Female,7,86.2,82,48,56,62.0,80.7,0,1,1.1,Yes,No
S0699,Abigail,Ward,12,Female,6,93.1,70,78,64,70.67,88.3,1,0,6.8,No,No
S0700,Hazel,Peterson,17,Female,11,76.8,68,98,64,76.67,71.9,3,0,15.3,No,Yes
S0701,Lillian,Chavez,12,Female,6,90.1,72,78,53,67.67,77.1,0,0,4.2,No,No
S0702,Charlotte,Harris,16,Female,10,80.4,62,76,86,74.67,91.7,1,0,15.7,Yes,No
S0703,Zoey,Torres,17,Female,11,86.0,77,64,43,61.33,70.7,0,0,7.5,Yes,No
S0704,Levi,Adams,16,Male,10,77.4,85,41,52,59.33,86.8,4,3,4.9,No,Yes
S0705,Eli,Perez,16,Male,10,84.9,61,98,50,69.67,75.7,1,0,1.6,No,No
S0706,Wyatt,King,17,Male,11,70.1,66,77,56,66.33,92.7,0,0,5.1,Yes,Yes
S0707,Emily,Anderson,15,Female,9,82.0,55,50,79,61.33,77.4,3,0,17.0,No,Yes
S0708,Emma,Nguyen,16,Female,10,85.2,79,76,70,75.0,82.6,5,1,15.8,Yes,No
S0709,Aubrey,Jones,16,Female,10,91.8,44,94,48,62.0,71.1,0,0,1.5,No,No
S0710,Jack,Rogers,14,Male,8,97.6,57,49,67,57.67,85.7,1,0,2.5,Yes,No
S0711,Eli,Phillips,18,Male,12,82.7,63,58,91,70.67,65.6,6,0,12.3,No,Yes
S0712,Daniel,Carter,18,Male,12,80.4,69,64,57,63.33,73.9,0,0,14.0,Yes,No
S0713,Sebastian,Morgan,13,Male,7,81.5,53,96,40,63.0,92.4,2,3,2.4,Yes,Yes
S0714,Jayden,Davis,15,Male,9,84.3,40,72,64,58.67,75.3,0,0,9.1,No,No
S0715,Lucas,Chavez,17,Male,11,96.0,74,68,41,61.0,74.0,5,2,12.8,No,Yes
S0716,John,Clark,12,Male,6,73.6,63,58,64,61.67,89.9,1,1,16.7,Yes,Yes
S0717,Grace,Cooper,13,Female,7,76.9,52,70,72,64.67,91.1,6,3,18.3,Yes,Yes
S0718,Oliver,Kelly,14,Male,8,90.2,76,47,84,69.0,86.2,2,3,5.7,Yes,Yes
S0719,Audrey,Evans,14,Female,8,82.9,54,51,94,66.33,85.0,2,3,3.2,Yes,Yes
S0720,Logan,Clark,12,Male,6,94.9,44,94,77,71.67,70.7,0,3,2.3,No,No
S0721,Grayson,Jackson,16,Male,10,90.1,96,61,74,77.0,94.3,1,1,9.7,No,No
S0722,Mia,Hill,13,Female,7,92.9,52,90,80,74.0,96.9,2,0,2.3,Yes,No
S0723,Emma,Morgan,17,Female,11,92.3,50,43,46,46.33,85.8,1,2,0.2,Yes,Yes
S0724,Joshua,Chavez,14,Male,8,85.7,52,42,47,47.0,92.9,1,3,17.1,No,Yes
S0725,Audrey,Miller,16,Female,10,99.5,56,76,85,72.33,78.2,5,0,18.9,No,No
S0726,James,Flores,18,Male,12,85.6,99,54,41,64.67,77.6,6,0,12.5,Yes,Yes
S0727,Eleanor,Wilson,14,Female,8,79.5,73,74,100,82.33,69.2,0,0,18.0,No,Yes
S0728,Henry,Lee,16,Male,10,76.7,40,74,73,62.33,95.2,0,1,4.4,Yes,Yes
S0729,Christopher,Miller,18,Male,12,87.1,71,41,50,54.0,81.0,2,1,5.6,Yes,No
S0730,Caleb,White,16,Male,10,76.2,44,96,42,60.67,70.8,3,0,14.1,No,Yes
S0731,Luna,Thomas,14,Female,8,81.4,69,71,68,69.33,58.0,2,0,19.5,No,Yes
S0732,Aaron,Stewart,16,Male,10,64.0,92,50,58,66.67,88.3,0,0,11.0,No,Yes
S0733,Natalie,Ramos,16,Female,10,90.2,94,65,89,82.67,92.2,1,1,10.6,Yes,No
S0734,Matthew,Cruz,18,Male,12,97.0,62,56,43,53.67,78.2,1,2,18.7,No,Yes
S0735,Mia,Miller,15,Female,9,74.0,71,90,76,79.0,84.1,0,1,5.2,Yes,No
S0736,Riley,Anderson,17,Female,11,78.0,85,45,50,60.0,75.6,1,0,18.9,Yes,Yes
S0737,Jaxon,Howard,13,Male,7,71.5,50,48,81,59.67,57.4,3,1,15.2,Yes,Yes
S0738,Owen,Jackson,14,Male,8,87.4,50,88,50,62.67,80.4,0,4,9.8,No,Yes
S0739,Lily,Moore,14,Female,8,82.9,49,61,98,69.33,63.6,3,0,10.3,Yes,Yes
S0740,Jack,Sanchez,12,Male,6,94.6,72,45,46,54.33,91.2,2,0,10.3,No,No
S0741,Luna,Lewis,16,Female,10,76.8,95,84,98,92.33,97.9,0,0,11.5,Yes,No
S0742,Carter,Scott,12,Male,6,88.6,68,93,81,80.67,87.0,2,0,11.8,No,No
S0743,Cameron,Gomez,18,Male,12,85.5,84,63,47,64.67,87.2,0,0,4.3,Yes,No
S0744,Luna,Morgan,17,Female,11,64.6,92,55,51,66.0,65.4,1,4,1.4,Yes,Yes
S0745,David,Mitchell,17,Male,11,91.3,70,80,100,83.33,91.1,0,1,15.5,No,No
S0746,Amelia,Harris,13,Female,7,74.4,82,91,79,84.0,94.3,1,1,9.5,Yes,No
S0747,Thomas,Davis,16,Male,10,55.6,72,54,56,60.67,70.5,2,1,9.5,No,Yes
S0748,Evelyn,Martin,18,Female,12,78.9,45,63,87,65.0,84.1,0,0,17.3,Yes,Yes
S0749,Eli,Martin,16,Male,10,96.0,91,40,43,58.0,92.0,2,0,17.7,Yes,No
S0750,Chloe,Parker,12,Female,6,79.3,90,74,95,86.33,63.7,0,1,12.3,Yes,Yes
S0751,Christopher,Williams,12,Male,6,86.1,53,85,40,59.33,74.2,2,0,4.4,Yes,No
S0752,Zoe,Robinson,16,Female,10,84.9,81,52,67,66.67,80.5,0,0,6.3,No,No
S0753,Grace,Wright,12,Female,6,95.1,91,70,59,73.33,87.2,2,1,1.9,Yes,No
S0754,John,Williams,15,Male,9,52.7,75,84,82,80.33,96.6,1,0,19.8,No,No
S0755,Audrey,Robinson,17,Female,11,71.3,78,71,68,72.33,63.9,3,0,0.6,Yes,Yes
S0756,Skylar,Parker,13,Female,7,97.4,100,77,51,76.0,73.3,4,1,3.5,Yes,No
S0757,Christopher,Ramos,17,Male,11,86.7,43,49,77,56.33,95.7,2,0,18.5,No,No
S0758,Nathan,Moore,16,Male,10,87.1,83,90,100,91.0,89.9,1,0,7.9,No,No
S0759,Claire,Stewart,17,Female,11,79.4,62,44,100,68.67,72.4,2,4,16.5,Yes,Yes
S0760,Scarlett,Ramirez,17,Female,11,86.1,59,93,85,79.0,73.3,0,0,1.8,No,No
S0761,Skylar,Brown,14,Female,8,88.6,90,63,64,72.33,62.3,4,0,8.7,No,Yes
S0762,Luna,Edwards,17,Female,11,90.3,50,51,93,64.67,58.6,4,3,9.3,No,Yes
S0763,Ethan,Johnson,13,Male,7,79.7,65,71,80,72.0,89.3,0,0,16.9,Yes,No
S0764,James,Ward,12,Male,6,97.4,100,85,99,94.67,74.7,1,1,6.4,No,No
S0765,Audrey,Baker,12,Female,6,86.7,60,56,53,56.33,74.3,0,1,17.7,No,No
S0766,Aiden,Garcia,16,Male,10,94.5,96,45,47,62.67,95.7,3,1,6.8,Yes,Yes
S0767,Hannah,Flores,18,Female,12,89.9,55,91,93,79.67,79.6,0,1,9.3,Yes,No
S0768,Ellie,Garcia,17,Female,11,87.1,96,73,83,84.0,69.1,0,1,5.0,No,No
S0769,Harper,Bailey,18,Female,12,89.9,99,79,78,85.33,82.8,1,1,2.0,No,No
S0770,Noah,Ramos,12,Male,6,60.2,52,44,60,52.0,72.3,0,1,4.7,No,Yes
S0771,Dylan,Hall,12,Male,6,90.4,61,48,97,68.67,91.1,6,0,15.3,Yes,Yes
S0772,Eli,Rogers,13,Male,7,93.3,78,77,74,76.33,67.1,1,1,11.1,No,No
S0773,Daniel,Jones,12,Male,6,74.8,83,78,43,68.0,91.8,0,0,14.1,Yes,Yes
S0774,Wyatt,Stewart,17,Male,11,94.7,57,47,52,52.0,82.9,0,1,2.1,Yes,No
S0775,Wyatt,Thomas,14,Male,8,87.2,64,51,74,63.0,88.3,5,1,6.5,No,Yes
S0776,Elizabeth,Martin,16,Female,10,78.9,62,96,50,69.33,81.1,1,0,18.1,Yes,Yes
S0777,Jackson,Nelson,13,Male,7,98.0,45,72,59,58.67,96.3,2,0,6.8,No,No
S0778,Gabriel,Parker,14,Male,8,80.5,60,64,50,58.0,76.4,0,1,1.2,Yes,No
S0779,Hazel,Wright,15,Female,9,87.2,67,68,94,76.33,80.0,4,0,12.2,No,No
S0780,Aaron,Lewis,15,Male,9,82.9,47,48,81,58.67,77.4,4,1,2.3,Yes,Yes
S0781,Noah,Gomez,16,Male,10,90.5,60,45,42,49.0,80.3,1,0,1.4,Yes,No
S0782,Christopher,Johnson,16,Male,10,77.3,79,45,91,71.67,85.2,2,0,11.9,Yes,No
S0783,Eleanor,Torres,17,Female,11,82.4,88,67,68,74.33,52.3,3,1,10.1,Yes,Yes
S0784,Luna,Reed,18,Female,12,85.9,74,83,98,85.0,65.7,3,0,6.4,No,Yes
S0785,Cameron,Brooks,12,Male,6,73.1,46,81,83,70.0,84.5,2,1,8.9,No,No
S0786,Stella,Gomez,18,Female,12,90.7,42,62,99,67.67,74.6,3,0,16.7,No,Yes
S0787,Isabella,Thomas,18,Female,12,94.7,91,62,64,72.33,90.6,2,3,3.3,Yes,No
S0788,Oliver,Martinez,16,Male,10,89.6,71,96,49,72.0,84.7,1,0,19.0,No,No
S0789,Olivia,Morgan,14,Female,8,93.8,93,61,58,70.67,91.0,2,4,0.9,No,No
S0790,Madison,Perez,12,Female,6,87.1,91,57,93,80.33,96.0,1,0,13.5,Yes,No
S0791,Luna,Perez,12,Female,6,81.1,53,69,58,60.0,90.3,1,1,1.2,Yes,No
S0792,Anthony,Carter,16,Male,10,70.4,66,61,75,67.33,60.0,2,2,18.4,Yes,Yes
S0793,Lucy,Kim,16,Female,10,71.6,94,85,92,90.33,76.6,5,1,14.9,No,Yes
S0794,Andrew,Collins,12,Male,6,79.9,67,77,71,71.67,82.2,4,0,19.1,No,Yes
S0795,Skylar,Watson,18,Female,12,94.3,93,91,72,85.33,89.1,2,0,3.1,Yes,No
S0796,Matthew,Smith,17,Male,11,92.6,64,77,40,60.33,86.2,2,1,3.0,Yes,No
S0797,Isabella,Garcia,13,Female,7,89.5,88,100,45,77.67,84.9,2,1,8.9,Yes,No
S0798,Mia,Taylor,18,Female,12,90.6,54,84,76,71.33,89.9,0,1,7.7,Yes,No
S0799,Jayden,Lewis,17,Male,11,97.0,77,75,98,83.33,69.6,1,0,13.8,Yes,No
S0800,Avery,Mitchell,13,Female,7,87.2,70,51,91,70.67,94.4,2,0,1.4,No,No
S0801,Olivia,Jones,16,Female,10,83.5,45,92,74,70.33,95.5,0,1,12.7,No,No
S0802,Hannah,Chavez,16,Female,10,92.7,96,54,65,71.67,85.4,2,0,14.3,No,No
S0803,Savannah,Wilson,13,Female,7,86.6,64,96,58,72.67,80.7,7,3,2.6,Yes,Yes
S0804,Henry,Nelson,12,Male,6,82.7,48,54,70,57.33,80.4,6,0,9.3,Yes,Yes
S0805,Levi,Walker,15,Male,9,89.1,57,84,99,80.0,87.2,0,1,16.0,No,No
S0806,Sofia,Howard,15,Female,9,87.1,99,84,93,92.0,94.3,5,2,3.6,Yes,Yes
S0807,Thomas,Baker,12,Male,6,81.7,44,51,99,64.67,95.0,1,0,7.6,No,No
S0808,Aria,Brooks,17,Female,11,60.9,58,67,85,70.0,62.4,2,1,2.9,Yes,Yes
S0809,Logan,Sanchez,12,Male,6,94.8,61,58,55,58.0,90.1,1,2,12.3,Yes,Yes
S0810,Isaac,Chavez,14,Male,8,74.9,85,49,95,76.33,90.8,0,0,8.3,No,No
S0811,Jayden,Davis,14,Male,8,88.4,63,56,93,70.67,86.9,0,1,10.0,No,No
S0812,Camila,Ramos,14,Female,8,95.9,94,76,52,74.0,76.9,2,1,0.6,Yes,No
S0813,Aubrey,Gutierrez,17,Female,11,97.6,92,50,71,71.0,68.8,3,1,8.3,No,Yes
S0814,Madison,Wilson,18,Female,12,89.4,46,56,64,55.33,89.0,2,0,6.0,No,No
S0815,James,Gutierrez,12,Male,6,89.7,67,74,97,79.33,91.5,6,0,8.1,No,No
S0816,Jaxon,Rivera,13,Male,7,91.8,54,44,59,52.33,71.4,2,3,1.7,Yes,Yes
S0817,Chloe,White,17,Female,11,93.6,52,55,46,51.0,56.5,1,2,6.5,No,Yes
S0818,Ella,Gomez,17,Female,11,82.3,58,80,86,74.67,56.8,1,2,5.5,No,Yes
S0819,Nora,Ramos,13,Female,7,80.2,53,57,79,63.0,92.2,1,1,6.4,Yes,No
S0820,Caleb,Williams,12,Male,6,90.9,68,45,74,62.33,58.5,4,0,14.8,Yes,Yes
S0821,Stella,Young,16,Female,10,87.1,97,91,89,92.33,99.1,2,1,4.9,Yes,No
S0822,Ethan,Walker,17,Male,11,68.9,58,67,63,62.67,77.1,0,2,14.2,Yes,Yes
S0823,Addison,Smith,12,Female,6,68.6,72,85,63,73.33,88.9,0,0,15.6,Yes,No
S0824,Violet,Walker,18,Female,12,87.3,97,64,89,83.33,54.1,1,0,10.7,No,No
S0825,Savannah,Carter,15,Female,9,85.0,76,68,71,71.67,93.3,3,0,7.5,Yes,No
S0826,Logan,Wilson,15,Male,9,91.9,80,95,50,75.0,70.8,1,0,2.4,No,No
S0827,Ellie,Perez,16,Female,10,60.1,100,57,65,74.0,92.4,0,1,2.8,No,No
S0828,Liam,Wood,17,Male,11,61.0,56,94,61,70.33,77.3,1,1,5.9,No,No
S0829,Lily,Martinez,16,Female,10,86.1,73,78,83,78.0,92.1,1,0,6.5,No,No
S0830,Cameron,Clark,16,Male,10,51.9,83,66,50,66.33,88.1,0,0,11.0,Yes,Yes
S0831,Lincoln,Carter,15,Male,9,89.9,66,44,63,57.67,70.5,4,2,0.4,Yes,Yes
S0832,Ava,Nelson,14,Female,8,92.2,90,86,98,91.33,78.7,1,3,2.6,Yes,No
S0833,Ava,Kelly,12,Female,6,87.0,86,92,93,90.33,96.0,2,0,16.1,No,No
S0834,Lillian,Murphy,15,Female,9,95.7,54,44,42,46.67,77.1,0,1,18.9,No,No
S0835,Cameron,Davis,14,Male,8,84.8,52,65,52,56.33,80.1,1,3,10.4,Yes,Yes
S0836,Julian,Johnson,13,Male,7,64.3,88,45,61,64.67,82.1,1,0,7.1,Yes,Yes
S0837,Emma,Anderson,16,Female,10,87.5,67,71,58,65.33,78.6,2,0,13.9,Yes,No
S0838,Ellie,Howard,14,Female,8,88.5,48,86,47,60.33,89.7,1,1,18.9,No,No
S0839,Theodore,Murphy,16,Male,10,74.5,66,96,68,76.67,92.9,3,1,18.3,Yes,Yes
S0840,Ellie,Young,14,Female,8,86.7,87,85,72,81.33,98.1,1,0,0.8,No,No
S0841,Lillian,Green,16,Female,10,85.3,87,100,52,79.67,79.1,2,4,5.4,Yes,No
S0842,Grayson,Hernandez,15,Male,9,76.7,92,47,63,67.33,91.0,2,1,15.8,No,Yes
S0843,Ella,Evans,18,Female,12,81.3,99,45,59,67.67,87.6,0,1,12.8,No,No
S0844,Sofia,Hill,15,Female,9,97.3,58,63,44,55.0,92.2,3,1,3.0,No,Yes
S0845,Leah,Turner,17,Female,11,81.1,45,88,88,73.67,71.1,2,1,1.2,No,No
S0846,Olivia,Wood,16,Female,10,96.7,99,54,55,69.33,64.4,1,0,3.2,Yes,Yes
S0847,James,Gutierrez,16,Male,10,90.5,98,86,42,75.33,87.5,1,0,13.3,Yes,No
S0848,Claire,Clark,12,Female,6,67.0,100,59,81,80.0,77.4,3,0,12.7,No,Yes
S0849,Amelia,Hernandez,13,Female,7,78.5,71,77,79,75.67,68.0,1,0,4.0,No,Yes
S0850,Luke,Sanchez,15,Male,9,76.9,65,86,55,68.67,90.9,1,1,19.6,Yes,Yes
S0851,James,Green,12,Male,6,60.5,42,85,87,71.33,80.0,0,0,12.6,Yes,No
S0852,Levi,Roberts,16,Male,10,96.7,54,66,60,60.0,76.2,2,1,1.3,No,No
S0853,Skylar,Nguyen,13,Female,7,73.3,53,72,94,73.0,85.1,3,1,18.5,No,Yes
S0854,Avery,Reed,13,Female,7,93.7,52,96,42,63.33,70.5,4,1,4.7,Yes,Yes
S0855,Elijah,Ward,12,Male,6,92.4,75,79,73,75.67,83.7,1,3,19.2,No,No
S0856,Mason,Cruz,12,Male,6,80.1,53,57,70,60.0,89.1,3,2,0.9,No,Yes
S0857,Sofia,Sanchez,15,Female,9,67.5,98,45,50,64.33,95.3,1,0,14.2,No,Yes
S0858,Luke,Stewart,18,Male,12,79.2,82,72,98,84.0,53.9,0,2,2.1,Yes,Yes
S0859,Jayden,Scott,13,Male,7,80.0,50,89,100,79.67,77.9,4,1,13.4,No,No
S0860,Christian,Wilson,17,Male,11,69.3,75,51,77,67.67,81.8,2,2,4.4,No,Yes
S0861,Grayson,Lewis,12,Male,6,90.9,61,61,88,70.0,95.8,6,0,1.6,No,No
S0862,Hazel,Nelson,18,Female,12,94.1,42,76,56,58.0,91.0,1,1,4.8,Yes,No
S0863,Hazel,Young,18,Female,12,81.0,46,62,71,59.67,86.4,1,0,7.1,Yes,No
S0864,Joseph,Garcia,17,Male,11,75.9,58,84,55,65.67,61.9,1,1,12.8,No,Yes
S0865,Emma,Perez,18,Female,12,66.4,47,60,63,56.67,63.8,3,1,1.3,Yes,Yes
S0866,Madison,Garcia,17,Female,11,72.1,41,95,92,76.0,84.4,8,0,12.6,Yes,Yes
S0867,Wyatt,Green,14,Male,8,82.1,75,76,70,73.67,73.3,1,0,15.7,Yes,No
S0868,Riley,Wood,13,Female,7,90.3,62,90,81,77.67,84.4,0,0,10.5,Yes,No
S0869,Jack,Ramos,13,Male,7,91.4,76,71,68,71.67,88.0,4,4,4.0,No,Yes
S0870,Ellie,Turner,12,Female,6,94.1,72,71,41,61.33,92.4,0,1,19.1,Yes,No
S0871,Anthony,Ramirez,14,Male,8,80.5,52,48,67,55.67,78.3,1,1,14.7,No,No
S0872,Joshua,Davis,14,Male,8,73.0,81,51,72,68.0,75.6,3,1,17.1,No,Yes
S0873,Mason,Flores,18,Male,12,73.8,94,68,94,85.33,62.9,1,4,2.9,No,Yes
S0874,Isabella,Lewis,13,Female,7,77.2,62,86,84,77.33,73.2,3,0,3.6,No,Yes
S0875,Harper,Roberts,14,Female,8,75.5,84,79,44,69.0,55.7,1,0,16.4,No,Yes
S0876,Lillian,King,18,Female,12,88.0,42,60,97,66.33,76.2,2,0,2.3,No,No
S0877,Sofia,Mitchell,15,Female,9,87.6,49,59,71,59.67,71.6,0,1,6.1,Yes,No
S0878,Riley,Scott,13,Female,7,83.4,98,93,88,93.0,76.1,1,0,9.3,No,No
S0879,Nora,Miller,12,Female,6,70.8,100,87,82,89.67,77.3,2,1,15.9,No,No
S0880,Emma,Smith,12,Female,6,79.1,85,58,94,79.0,72.9,4,0,1.2,No,Yes
S0881,Madison,Nguyen,13,Female,7,64.6,86,63,78,75.67,59.6,2,2,1.8,Yes,Yes
S0882,Audrey,Wood,17,Female,11,92.4,86,57,69,70.67,85.6,1,0,13.1,No,No
S0883,Natalie,Adams,14,Female,8,85.7,90,49,46,61.67,75.9,2,3,11.1,No,Yes
S0884,Cameron,Adams,18,Male,12,68.8,67,60,41,56.0,93.7,1,0,18.9,Yes,Yes
S0885,Aria,Reyes,18,Female,12,85.3,87,57,90,78.0,80.5,1,1,7.2,No,No
S0886,Andrew,Green,15,Male,9,84.9,86,44,86,72.0,90.0,1,0,16.6,No,No
S0887,Abigail,Ward,12,Female,6,86.1,61,74,75,70.0,77.3,2,0,9.3,No,No
S0888,Luke,Evans,12,Male,6,95.7,48,73,65,62.0,82.8,1,0,9.7,Yes,No
S0889,Thomas,Richardson,14,Male,8,92.0,74,56,77,69.0,67.8,2,4,1.0,Yes,Yes
S0890,Emily,Brown,12,Female,6,79.8,87,97,58,80.67,83.9,0,2,17.1,No,Yes
S0891,Jackson,Kelly,16,Male,10,67.8,56,99,83,79.33,94.3,4,0,11.1,Yes,Yes
S0892,Aiden,Allen,13,Male,7,63.7,59,97,99,85.0,76.9,0,0,6.7,Yes,No
S0893,Addison,Howard,12,Female,6,95.2,97,54,74,75.0,74.9,3,0,13.9,Yes,No
S0894,Jack,Chavez,12,Male,6,79.3,99,48,56,67.67,76.6,4,0,11.6,Yes,Yes
S0895,Lucy,Lee,14,Female,8,63.6,64,81,83,76.0,95.8,0,3,9.9,Yes,Yes
S0896,Aiden,Walker,15,Male,9,91.2,97,87,77,87.0,96.0,0,0,6.5,No,No
S0897,Audrey,Hall,16,Female,10,70.8,82,80,85,82.33,81.7,3,1,1.5,No,Yes
S0898,Audrey,Green,18,Female,12,53.5,63,44,82,63.0,91.3,0,0,12.9,No,Yes
S0899,Madison,Morris,17,Female,11,82.4,42,60,54,52.0,98.8,2,0,3.8,Yes,No
S0900,Aurora,Anderson,17,Female,11,86.1,95,44,100,79.67,84.8,1,0,10.4,Yes,No
S0901,Addison,Evans,15,Female,9,83.5,64,98,55,72.33,65.9,3,0,15.4,No,Yes
S0902,Lucas,Diaz,15,Male,9,80.6,63,92,67,74.0,58.8,2,1,19.3,No,No
S0903,Oliver,Allen,16,Male,10,91.3,93,49,54,65.33,69.2,3,0,14.7,No,Yes
S0904,Mia,Howard,14,Female,8,76.6,43,91,55,63.0,80.4,1,2,6.0,Yes,Yes
S0905,Camila,Roberts,13,Female,7,92.8,56,79,76,70.33,92.6,0,0,10.8,Yes,No
S0906,Mia,Hall,12,Female,6,68.8,100,96,99,98.33,57.8,5,0,14.3,No,Yes
S0907,Noah,Scott,15,Male,9,91.4,69,41,86,65.33,78.3,2,3,9.6,Yes,Yes
S0908,Logan,Scott,17,Male,11,67.6,40,46,72,52.67,90.8,1,1,4.5,No,Yes
S0909,Elijah,Jackson,16,Male,10,79.6,79,82,61,74.0,61.2,3,1,11.0,Yes,Yes
S0910,Chloe,Davis,13,Female,7,80.2,69,47,64,60.0,93.2,4,0,6.7,Yes,Yes
S0911,Aubrey,Hernandez,14,Female,8,83.4,78,77,67,74.0,85.4,0,0,14.6,Yes,No
S0912,Aria,Lee,14,Female,8,97.4,41,95,54,63.33,70.3,1,1,2.8,Yes,No
S0913,Lily,Wilson,13,Female,7,78.7,96,69,56,73.67,72.2,0,0,7.6,No,No
S0914,Natalie,Walker,13,Female,7,69.4,65,65,97,75.67,98.7,3,1,12.4,Yes,Yes
S0915,Emily,Flores,12,Female,6,79.2,40,87,62,63.0,87.1,1,2,6.3,No,Yes
S0916,Aurora,Garcia,16,Female,10,95.2,65,66,92,74.33,97.3,1,4,11.4,Yes,No
S0917,Aubrey,Kim,12,Female,6,72.0,92,86,43,73.67,55.9,0,0,2.4,No,Yes
S0918,Addison,Cooper,14,Female,8,94.4,58,42,52,50.67,87.7,3,0,13.0,Yes,Yes
S0919,Ryan,Allen,14,Male,8,86.0,78,72,75,75.0,83.9,1,2,10.7,Yes,No
S0920,Riley,Wilson,15,Female,9,91.8,40,47,81,56.0,72.7,3,1,17.3,No,Yes
S0921,Claire,Cox,18,Female,12,77.7,71,41,89,67.0,54.3,0,0,17.4,No,Yes
S0922,Theodore,Hill,16,Male,10,79.4,81,42,63,62.0,79.0,1,2,5.1,Yes,Yes
S0923,Andrew,Miller,16,Male,10,81.8,42,86,72,66.67,87.0,0,1,4.5,No,No
S0924,Lily,Brooks,12,Female,6,78.0,65,70,91,75.33,79.3,2,2,15.7,Yes,Yes
S0925,Evelyn,Morris,16,Female,10,71.7,83,90,87,86.67,82.0,4,1,5.9,Yes,Yes
S0926,Jayden,Howard,18,Male,12,79.5,69,77,60,68.67,52.5,0,1,5.0,Yes,Yes
S0927,Eli,Morris,18,Male,12,95.0,97,42,65,68.0,66.4,2,3,6.9,No,Yes
S0928,Hannah,Johnson,14,Female,8,92.6,71,46,58,58.33,87.8,1,0,19.9,No,No
S0929,Dylan,Young,18,Male,12,69.9,58,44,68,56.67,71.6,0,0,3.6,No,Yes
S0930,Alexander,Martin,12,Male,6,88.9,48,91,78,72.33,69.2,3,1,13.8,Yes,Yes
S0931,Lucy,Edwards,15,Female,9,95.8,43,64,59,55.33,92.1,2,0,4.1,No,No
S0932,Jaxon,Diaz,18,Male,12,72.4,87,85,66,79.33,70.1,2,0,12.3,No,No
S0933,Mia,Rivera,18,Female,12,82.9,81,79,81,80.33,91.5,0,0,9.8,Yes,No
S0934,Anthony,Nguyen,18,Male,12,83.7,75,67,48,63.33,84.0,5,0,9.8,Yes,Yes
S0935,Liam,Davis,14,Male,8,84.3,76,87,86,83.0,75.1,3,0,8.7,No,No
S0936,Scarlett,Diaz,14,Female,8,91.5,79,70,94,81.0,83.1,1,3,4.9,No,No
S0937,Avery,Turner,15,Female,9,75.8,87,66,66,73.0,88.9,4,2,19.5,No,Yes
S0938,Abigail,Martinez,16,Female,10,74.3,73,82,46,67.0,73.0,2,3,14.5,No,Yes
S0939,Adrian,Richardson,13,Male,7,75.6,95,95,56,82.0,55.7,3,2,8.5,Yes,Yes
S0940,Liam,Chavez,17,Male,11,67.6,82,88,71,80.33,63.6,3,0,12.7,Yes,Yes
S0941,Ava,Johnson,18,Female,12,71.1,82,65,88,78.33,92.1,0,0,17.4,Yes,No
S0942,Levi,Morris,12,Male,6,90.4,71,74,49,64.67,69.1,2,0,5.6,Yes,Yes
S0943,Levi,Smith,14,Male,8,71.5,60,46,50,52.0,69.3,7,1,14.2,No,Yes
S0944,Andrew,Anderson,18,Male,12,82.9,59,46,92,65.67,63.6,3,0,6.7,No,Yes
S0945,Hannah,Hall,16,Female,10,85.8,58,64,44,55.33,91.5,1,2,1.2,Yes,Yes
S0946,Madison,Thomas,12,Female,6,84.7,80,42,77,66.33,73.1,2,1,19.2,Yes,No
S0947,Samuel,Miller,13,Male,7,86.0,87,87,94,89.33,70.5,2,0,2.4,No,No
S0948,Mateo,Cruz,14,Male,8,81.4,67,47,62,58.67,84.8,1,0,18.8,Yes,No
S0949,Eli,Lewis,16,Male,10,90.9,74,47,57,59.33,83.1,3,0,5.1,Yes,Yes
S0950,Zoey,Chavez,13,Female,7,89.4,65,81,86,77.33,92.5,1,2,12.3,Yes,No
S0951,Emma,Morgan,12,Female,6,85.0,46,55,71,57.33,78.8,2,2,4.8,Yes,Yes
S0952,Victoria,Rogers,14,Female,8,72.8,59,83,86,76.0,82.3,0,1,3.7,Yes,No
S0953,Claire,Cook,15,Female,9,95.6,54,86,41,60.33,81.6,1,2,0.4,Yes,Yes
S0954,Ethan,Allen,18,Male,12,83.3,56,77,46,59.67,80.9,1,1,8.6,Yes,No
S0955,Theodore,Gutierrez,18,Male,12,65.7,98,82,67,82.33,93.7,2,1,17.1,Yes,No
S0956,Liam,Rogers,16,Male,10,67.8,42,94,58,64.67,86.3,2,2,17.1,Yes,Yes
S0957,Aria,Johnson,18,Female,12,74.3,75,98,99,90.67,81.5,2,2,17.9,No,Yes
S0958,Ethan,Murphy,17,Male,11,76.0,79,86,90,85.0,86.5,1,1,13.4,No,No
S0959,James,Brooks,18,Male,12,78.4,92,91,86,89.67,93.0,0,1,7.0,No,No
S0960,Bella,Richardson,17,Female,11,83.7,85,100,78,87.67,79.8,0,2,18.9,Yes,No
S0961,Lucy,Flores,16,Female,10,87.7,41,89,65,65.0,90.6,4,1,7.1,Yes,Yes
S0962,Ava,Ramirez,13,Female,7,52.4,45,57,91,64.33,91.5,0,1,1.0,Yes,Yes
S0963,Christian,Hall,17,Male,11,95.9,56,65,65,62.0,68.5,2,3,13.0,Yes,Yes
S0964,Aaron,Martin,15,Male,9,91.9,71,90,49,70.0,70.5,1,0,6.0,No,No
S0965,Skylar,Diaz,15,Female,9,75.3,55,97,40,64.0,86.8,0,3,18.1,No,Yes
S0966,Andrew,Morris,16,Male,10,84.7,100,67,67,78.0,73.0,1,1,8.1,Yes,No
S0967,Samuel,Wright,12,Male,6,79.7,68,89,95,84.0,94.9,1,1,5.7,Yes,No
S0968,Mila,White,18,Female,12,78.8,79,87,69,78.33,87.3,1,0,18.4,No,No
S0969,Claire,Ortiz,16,Female,10,82.6,100,98,54,84.0,81.5,0,4,11.0,No,No
S0970,Lincoln,Miller,16,Male,10,84.0,54,63,62,59.67,89.0,1,3,9.9,No,Yes
S0971,Ryan,Rogers,17,Male,11,76.4,69,76,76,73.67,61.9,1,0,16.8,No,Yes
S0972,Eleanor,Turner,16,Female,10,74.1,77,76,98,83.67,86.9,1,0,6.6,Yes,No
S0973,Luke,Murphy,15,Male,9,92.2,48,40,61,49.67,84.9,0,0,7.5,Yes,No
S0974,Scarlett,Morales,14,Female,8,78.6,40,57,64,53.67,83.0,2,3,18.2,Yes,Yes
S0975,Olivia,Green,13,Female,7,81.9,99,80,90,89.67,95.3,1,4,17.5,Yes,No
S0976,Samuel,Torres,15,Male,9,88.0,63,77,84,74.67,83.4,6,2,9.9,No,Yes
S0977,Gabriel,Stewart,18,Male,12,88.1,63,62,99,74.67,65.3,0,0,10.4,Yes,No
S0978,Liam,Smith,13,Male,7,70.9,83,48,97,76.0,64.4,0,2,5.6,No,Yes
S0979,Victoria,Ward,14,Female,8,80.9,82,75,91,82.67,92.3,0,2,5.6,Yes,No
S0980,Emily,Gutierrez,12,Female,6,89.8,69,96,92,85.67,78.6,1,1,0.8,No,No
S0981,Aurora,Ramirez,17,Female,11,60.1,87,42,89,72.67,57.9,0,1,5.5,Yes,Yes
S0982,Ella,Scott,14,Female,8,96.5,54,73,65,64.0,94.4,0,0,0.7,Yes,No
S0983,Evelyn,Gutierrez,16,Female,10,79.8,44,64,98,68.67,78.1,2,0,8.5,Yes,Yes
S0984,Nathan,Flores,12,Male,6,85.2,50,77,98,75.0,88.7,2,3,13.8,No,No
S0985,Emma,Stewart,18,Female,12,93.0,59,61,82,67.33,58.5,0,3,4.9,Yes,Yes
S0986,Lucas,Nguyen,14,Male,8,99.7,66,74,97,79.0,66.3,0,0,16.6,Yes,No
S0987,Joshua,Young,17,Male,11,66.7,61,91,79,77.0,65.8,0,1,1.7,No,Yes
S0988,Amelia,Nguyen,15,Female,9,84.6,70,71,68,69.67,88.9,1,0,7.9,No,No
S0989,Lincoln,Walker,17,Male,11,82.9,95,84,71,83.33,77.1,5,1,4.5,No,No
S0990,Brooklyn,Parker,13,Female,7,94.6,73,60,41,58.0,83.2,1,0,13.6,No,No
S0991,Penelope,Harris,18,Female,12,87.5,44,52,97,64.33,86.2,2,1,9.7,Yes,No
S0992,Caleb,Kelly,15,Male,9,79.6,92,49,90,77.0,97.5,6,0,13.0,Yes,Yes
S0993,Elizabeth,Hernandez,15,Female,9,93.0,49,79,47,58.33,96.6,1,2,7.1,Yes,Yes
S0994,Matthew,Rivera,14,Male,8,93.5,51,88,40,59.67,93.9,5,0,18.2,No,Yes
S0995,Anthony,White,18,Male,12,80.6,43,79,91,71.0,55.5,0,2,10.8,No,Yes
S0996,Nathan,Taylor,14,Male,8,82.7,64,73,100,79.0,59.7,2,0,1.6,No,No
S0997,Andrew,Stewart,18,Male,12,93.6,52,58,73,61.0,88.9,1,0,13.1,No,No
S0998,Owen,King,18,Male,12,67.0,89,76,91,85.33,85.9,1,0,12.9,No,No
S0999,Brooklyn,Flores,15,Female,9,93.7,70,99,40,69.67,75.3,4,0,4.1,Yes,Yes
S1000,Owen,Morales,16,Male,10,54.0,45,79,54,59.33,89.2,0,0,10.7,Yes,Yes
